Model,Weight
glm_baseline,0.2702426550562677
glm_tuned,0.02713013882672504
glmnet_baseline,0.11080715614308259
glmnet_tuned,0.12280566916543872
xgboost_baseline,0.1393174682398983
xgboost_tuned,0.1563696078135712
rand_forest_baseline,0.07169965866652686
rand_forest_tuned,0.10162764608848951
