Model,Weight
glm_baseline,0.2718852578798875
glm_tuned,0.026487866243058364
glmnet_baseline,0.11096826919170572
glmnet_tuned,0.12289418176181797
xgboost_baseline,0.13532632923405175
xgboost_tuned,0.16041399841021575
rand_forest_baseline,0.069956032536596
rand_forest_tuned,0.10206806474266697
