Model,Weight
glm_baseline,0.3876953135678307
glm_tuned,0
glmnet_baseline,0.22909846757282712
glmnet_tuned,0.0061275444981979755
xgboost_baseline,0.10655258655223793
xgboost_tuned,0.10872898178479215
rand_forest_baseline,0.11656166033587251
rand_forest_tuned,0.0452354456882415
