Model,Weight
glm_baseline,0.1997447373882348
glm_tuned,0.1945522667568373
glmnet_baseline,0.08608500719176511
glmnet_tuned,0.13289402914851908
xgboost_baseline,0.10304198889835475
xgboost_tuned,0.15117243463690738
rand_forest_baseline,0.05467410950860278
rand_forest_tuned,0.07783542647077879
