Model,Weight
glm_baseline,0
glm_tuned,0
xgboost_baseline,0.85884371860951
xgboost_tuned,0.0017499679153599227
rand_forest_baseline,0.11272885232394372
rand_forest_tuned,0.026677461151186382
