Model,Weight
glm_baseline,0.1992522250812349
glm_tuned,0.19405226052885302
glmnet_baseline,0.08586803656246934
glmnet_tuned,0.13263661456379525
xgboost_baseline,0.10261446651093858
xgboost_tuned,0.15021573985374684
rand_forest_baseline,0.05731104901931487
rand_forest_tuned,0.07804960787964718
