Model,Weight
glm_baseline,0.20062312707814953
glm_tuned,0.1959346273767787
glmnet_baseline,0.08628620376971625
glmnet_tuned,0.13402020646903573
xgboost_baseline,0.09641309497515702
xgboost_tuned,0.15052099693627616
rand_forest_baseline,0.0601194189195315
rand_forest_tuned,0.07608232447535516
