Model,Weight
glm_baseline,0.3690647262568016
glm_tuned,0.05426618329583473
glmnet_baseline,0.20655780343947616
glmnet_tuned,0.005216316608272246
xgboost_baseline,0.09451275346920916
xgboost_tuned,0.10816332008295972
rand_forest_baseline,0.12705065000364896
rand_forest_tuned,0.035168246843797484
