Model,Weight
glm_baseline,0.27038880928286435
glm_tuned,0.026360585436429013
glmnet_baseline,0.11048283501861796
glmnet_tuned,0.12235368038489479
xgboost_baseline,0.13459741791847624
xgboost_tuned,0.15958093748728647
rand_forest_baseline,0.07469574271209488
rand_forest_tuned,0.10153999175933637
