Model,Weight
glm_baseline,0.21282839653125807
glm_tuned,0.029840971905403704
glmnet_baseline,0.12926484646209357
glmnet_tuned,0.06009862051260361
xgboost_baseline,0.21778526316921618
xgboost_tuned,0.2253253384987518
rand_forest_baseline,0.08584594770857676
rand_forest_tuned,0.039010615212096374
