Model,Weight
glm_baseline,0.20164809726671476
glm_tuned,0.19694324730021823
glmnet_baseline,0.08675665731690763
glmnet_tuned,0.1347253538945463
xgboost_baseline,0.09688673933360299
xgboost_tuned,0.15128756611666347
rand_forest_baseline,0.05529545968512902
rand_forest_tuned,0.07645687908621751
