Date,Type,Team,Opp,Points_For,Points_Against,Win
2026-03-06,N,Seattle U,San Diego,58,56,1
2026-03-06,N,Morehead State,Southeast Missouri State,66,61,1
2026-03-06,N,Illinois State,Northern Iowa,52,74,0
2026-03-06,N,San Diego State,UNLV,89,86,1
2026-03-06,N,North Dakota,Denver,83,67,1
2026-03-06,N,Radford,Presbyterian,85,91,0
2026-03-06,N,Ohio,Miami (OH),108,110,0
2026-03-06,N,Seton Hall,St. John's,65,72,0
2026-03-06,N,Washington State,Portland,68,74,0
2026-03-06,N,South Alabama,Georgia Southern,85,94,0
2026-03-06,N,Saint Peter's,Fairfield,55,74,0
2026-03-06,N,Tennessee State,UT Martin,68,55,1
2026-03-06,N,West Virginia,UCF,77,62,1
2026-03-06,N,UNC Greensboro,VMI,84,70,1
2026-03-06,N,Queens University,West Georgia,71,63,1
2026-03-06,N,South Dakota,Omaha,62,76,0
2026-03-06,N,Bradley,Valparaiso,90,84,1
2026-03-06,N,Dayton,VCU,62,68,0
2026-03-06,N,Brown,Pennsylvania,61,82,0
2026-03-06,N,Kent State,Western Michigan,86,78,1
2026-03-06,N,Ball State,Central Michigan,85,69,1
2026-03-06,N,Toledo,Buffalo,98,78,1
2026-03-06,N,Harvard,Columbia,81,71,1
2026-03-06,N,Eastern Michigan,Bowling Green,69,77,0
2026-03-06,N,Texas State,Southern Miss,77,81,0
2026-03-06,N,Merrimack,Sacred Heart,70,48,1
2026-03-06,N,UNC Asheville,Longwood,85,82,1
2026-03-06,N,Akron,Northern Illinois,94,55,1
2026-03-06,N,Chattanooga,The Citadel,85,88,0
2026-03-06,N,Austin Peay,Stetson,69,60,1
2026-03-06,N,Murray State,UIC,79,92,0
2026-03-06,N,Winthrop,Charleston Southern,86,81,1
2026-03-06,N,Lipscomb,Florida Gulf Coast,53,77,0
2026-03-06,N,North Carolina A&T,Northeastern,72,88,0
2026-03-06,N,Belmont,Drake,79,100,0
2026-03-06,N,High Point,Gardner-Webb,81,59,1
2026-03-06,N,Central Arkansas,Bellarmine,86,73,1
2026-03-05,N,Hawai'i,UC Riverside,93,74,1
2026-03-05,N,Loyola Marymount,San Diego,62,66,0
2026-03-05,N,Long Beach State,UC Davis,70,76,0
2026-03-05,N,UC Irvine,Cal Poly,107,85,1
2026-03-05,N,Cal State Fullerton,UC San Diego,75,71,1
2026-03-05,N,California Baptist,Abilene Christian,87,48,1
2026-03-05,N,St. Thomas-Minnesota,South Dakota State,80,67,1
2026-03-05,N,Southeast Missouri State,Lindenwood,68,66,1
2026-03-05,N,Northern Iowa,Evansville,68,59,1
2026-03-05,N,Cal State Bakersfield,Cal State Northridge,84,86,0
2026-03-05,N,Alabama A&M,Southern,85,88,0
2026-03-05,N,Memphis,South Florida,89,96,0
2026-03-05,N,Portland,Pepperdine,77,68,1
2026-03-05,N,Alcorn State,Arkansas-Pine Bluff,48,83,0
2026-03-05,N,UTEP,Kennesaw State,78,71,1
2026-03-05,N,New Mexico State,Jacksonville State,77,75,1
2026-03-05,N,Arkansas State,Georgia Southern,77,80,0
2026-03-05,N,Fairfield,Manhattan,71,60,1
2026-03-05,N,Jackson State,Mississippi Valley State,85,77,1
2026-03-05,N,Morgan State,Coppin State,70,66,1
2026-03-05,N,Southern Utah,Utah Valley,88,92,0
2026-03-05,N,Iowa,Michigan,68,71,0
2026-03-05,N,Michigan State,Rutgers,91,87,1
2026-03-05,N,Norfolk State,Howard,76,84,0
2026-03-05,N,Alabama State,Grambling,63,65,0
2026-03-05,N,Texas Southern,Prairie View A&M,59,70,0
2026-03-05,N,Maryland Eastern Shore,Delaware State,56,57,0
2026-03-05,N,Tarleton State,UT Arlington,60,65,0
2026-03-05,N,Missouri State,Western Kentucky,87,74,1
2026-03-05,N,Florida A&M,Bethune-Cookman,81,77,1
2026-03-05,N,North Dakota State,Oral Roberts,76,65,1
2026-03-05,N,Lehigh,Holy Cross,69,66,1
2026-03-05,N,Colgate,Loyola Maryland,90,77,1
2026-03-05,N,Boston University,American University,75,73,1
2026-03-05,N,Navy,Bucknell,74,69,1
2026-03-05,N,UT Martin,Eastern Illinois,66,63,1
2026-03-05,N,Valparaiso,Indiana State,63,62,1
2026-03-05,N,Temple,Tulane,89,60,1
2026-03-05,N,East Carolina,Tulsa,66,93,0
2026-03-05,N,Florida International,Middle Tennessee,67,73,0
2026-03-05,N,Liberty,Louisiana Tech,71,76,0
2026-03-05,N,Delaware,Sam Houston,83,80,1
2026-03-05,N,Southern Miss,James Madison,86,80,1
2026-03-05,N,Iona,Sacred Heart,80,91,0
2026-03-05,N,North Carolina Central,South Carolina State,64,80,0
2026-03-05,N,Southern Illinois,Drake,63,67,0
2026-03-04,N,Washington,USC,91,72,1
2026-03-04,N,New Mexico,Colorado State,74,82,0
2026-03-04,N,Lindenwood,Little Rock,72,62,1
2026-03-04,N,Houston,Baylor,77,64,1
2026-03-04,N,Pittsburgh,Florida State,74,75,0
2026-03-04,N,Notre Dame,Stanford,78,86,0
2026-03-04,N,Northwestern,Purdue,66,70,0
2026-03-04,N,Georgia Southern,Old Dominion,88,84,1
2026-03-04,N,Saint Louis,Loyola Chicago,79,65,1
2026-03-04,N,Oral Roberts,Kansas City,84,62,1
2026-03-04,N,North Texas,Rice,62,58,1
2026-03-04,N,Wisconsin,Maryland,78,45,1
2026-03-04,N,DePaul,Villanova,57,76,0
2026-03-04,N,South Carolina Upstate,Gardner-Webb,64,65,0
2026-03-04,N,West Georgia,North Florida,93,85,1
2026-03-04,N,Penn State,Ohio State,62,94,0
2026-03-04,N,Arkansas,Texas,105,85,1
2026-03-04,N,SMU,Miami,69,77,0
2026-03-04,N,SIU Edwardsville,Eastern Illinois,71,77,0
2026-03-04,N,Le Moyne,Stonehill,71,81,0
2026-03-04,N,Mercyhurst,Fairleigh Dickinson,70,61,1
2026-03-04,N,Central Connecticut,Wagner,60,70,0
2026-03-04,N,Long Island University,Chicago State,79,75,1
2026-03-04,N,Oakland,Northern Kentucky,84,85,0
2026-03-04,N,Detroit Mercy,Milwaukee,84,63,1
2026-03-04,N,Robert Morris,Youngstown State,68,53,1
2026-03-04,N,Wright State,Cleveland State,90,61,1
2026-03-04,N,George Washington,St. Bonaventure,91,82,1
2026-03-04,N,Rhode Island,Duquesne,64,52,1
2026-03-04,N,Davidson,Saint Joseph's,67,70,0
2026-03-04,N,Charlotte,UAB,74,80,0
2026-03-04,N,Providence,Marquette,56,78,0
2026-03-04,N,Georgia Tech,California,65,76,0
2026-03-04,N,La Salle,Fordham,87,84,1
2026-03-04,N,Indiana,Minnesota,77,47,1
2026-03-04,N,James Madison,Louisiana,87,72,1
2026-03-04,N,Butler,Creighton,59,76,0
2026-03-04,N,Eastern Kentucky,Stetson,76,92,0
2026-03-04,N,Florida Gulf Coast,North Alabama,69,58,1
2026-03-04,N,Bellarmine,Jacksonville,82,79,1
2026-03-03,N,UCLA,Nebraska,72,52,1
2026-03-03,N,UNLV,Utah State,92,65,1
2026-03-03,N,Wyoming,Nevada,83,73,1
2026-03-03,N,Auburn,LSU,88,74,1
2026-03-03,N,Alabama A&M,Grambling,77,63,1
2026-03-03,N,Alcorn State,Mississippi Valley State,67,64,1
2026-03-03,N,Illinois,Oregon,80,54,1
2026-03-03,N,Arizona State,Kansas,70,60,1
2026-03-03,N,Ole Miss,Vanderbilt,86,89,0
2026-03-03,N,Fresno State,San José State,82,68,1
2026-03-03,N,Utah,Colorado,78,92,0
2026-03-03,N,Cincinnati,BYU,90,68,1
2026-03-03,N,Alabama State,Southern,64,71,0
2026-03-03,N,Boise State,San Diego State,86,77,1
2026-03-03,N,Virginia Tech,Boston College,72,63,1
2026-03-03,N,Louisville,Syracuse,77,62,1
2026-03-03,N,Air Force,Grand Canyon,60,86,0
2026-03-03,N,Jackson State,Arkansas-Pine Bluff,81,78,1
2026-03-03,N,Old Dominion,UL Monroe,87,80,1
2026-03-03,N,Florida,Mississippi State,108,74,1
2026-03-03,N,Green Bay,Purdue Fort Wayne,64,56,1
2026-03-03,N,Kansas State,West Virginia,65,63,1
2026-03-03,N,Northern Illinois,Kent State,76,102,0
2026-03-03,N,Texas Tech,TCU,65,73,0
2026-03-03,N,Virginia,Wake Forest,75,70,1
2026-03-03,N,North Carolina,Clemson,67,63,1
2026-03-03,N,St. John's,Georgetown,72,69,1
2026-03-03,N,Miami (OH),Toledo,74,72,1
2026-03-03,N,Lafayette,Holy Cross,77,82,0
2026-03-03,N,Bucknell,Army,65,55,1
2026-03-03,N,VCU,George Mason,70,65,1
2026-03-03,N,Richmond,Dayton,60,65,0
2026-03-03,N,UCF,Oklahoma State,104,111,0
2026-03-03,N,Xavier,Seton Hall,68,77,0
2026-03-03,N,Massachusetts,Ohio,94,82,1
2026-03-03,N,Western Michigan,Ball State,71,74,0
2026-03-03,N,Central Michigan,Akron,64,77,0
2026-03-03,N,Vermont,UAlbany,69,56,1
2026-03-03,N,Elon,UNC Wilmington,57,76,0
2026-03-03,N,Campbell,North Carolina A&T,90,72,1
2026-03-03,N,William & Mary,Hampton,94,85,1
2026-03-03,N,Hofstra,Drexel,62,51,1
2026-03-03,N,Northeastern,Monmouth,83,89,0
2026-03-03,N,Oklahoma,Missouri,80,64,1
2026-03-03,N,Texas A&M,Kentucky,96,85,1
2026-03-03,N,Georgia,Alabama,98,88,1
2026-03-03,N,Buffalo,Eastern Michigan,72,67,1
2026-03-03,N,Stony Brook,Towson,57,69,0
2026-03-03,N,South Carolina,Tennessee,59,78,0
2026-03-03,N,Louisiana,Georgia State,84,75,1
2026-03-03,N,Maine,UMass Lowell,56,67,0
2026-03-03,N,NJIT,UMBC,52,91,0
2026-03-03,N,New Hampshire,Bryant,88,83,1
2026-03-02,N,Portland State,Weber State,84,60,1
2026-03-02,N,Sacramento State,Idaho State,83,65,1
2026-03-02,N,Arizona,Iowa State,73,57,1
2026-03-02,N,Eastern Washington,Idaho,81,85,0
2026-03-02,N,Houston Christian,Lamar,75,53,1
2026-03-02,N,New Orleans,SE Louisiana,78,82,0
2026-03-02,N,Texas A&M-Corpus Christi,East Texas A&M,84,71,1
2026-03-02,N,Northern Arizona,Montana State,65,76,0
2026-03-02,N,Northern Colorado,Montana,85,57,1
2026-03-02,N,Incarnate Word,Stephen F. Austin,68,76,0
2026-03-02,N,UT Rio Grande Valley,Northwestern State,74,62,1
2026-03-02,N,Nicholls,McNeese,65,75,0
2026-03-02,N,NC State,Duke,64,93,0
2026-03-02,N,Cleveland State,IU Indianapolis,101,93,1
2026-03-02,N,Delaware State,South Carolina State,59,61,0
2026-03-02,N,Maryland Eastern Shore,North Carolina Central,73,77,0
2026-03-02,N,Howard,Coppin State,90,70,1
2026-03-02,N,Morgan State,Norfolk State,90,84,1
2026-03-01,N,UTSA,Wichita State,67,84,0
2026-03-01,N,UNC Wilmington,Charleston,76,79,0
2026-03-01,N,Illinois State,Belmont,81,74,1
2026-03-01,N,Evansville,Southern Illinois,67,81,0
2026-03-01,N,Marquette,DePaul,51,62,0
2026-03-01,N,Indiana,Michigan State,64,77,0
2026-03-01,N,Drake,Northern Iowa,53,75,0
2026-03-01,N,Bradley,Murray State,87,78,1
2026-03-01,N,Temple,Rice,74,80,0
2026-03-01,N,East Carolina,Memphis,84,68,1
2026-03-01,N,Florida Atlantic,Charlotte,77,76,1
2026-03-01,N,Siena,Rider,76,61,1
2026-03-01,N,Fairfield,Mount St. Mary's,47,69,0
2026-03-01,N,Niagara,Merrimack,66,73,0
2026-03-01,N,Marist,Saint Peter's,56,63,0
2026-03-01,N,Manhattan,Iona,65,69,0
2026-03-01,N,Ohio State,Purdue,82,74,1
2026-03-01,N,Indiana State,UIC,79,63,1
2026-03-01,N,Canisius,Quinnipiac,63,67,0
2026-03-01,N,Davidson,La Salle,71,64,1
2026-03-01,N,South Florida,Tulane,90,62,1
2026-03-01,N,UAB,North Texas,58,62,0
2026-03-01,N,Maryland,Rutgers,65,69,0
2026-02-28,N,Saint Mary's,Gonzaga,70,59,1
2026-02-28,N,UC Irvine,UC Santa Barbara,64,60,1
2026-02-28,N,UNLV,Nevada,85,83,1
2026-02-28,N,Utah State,Grand Canyon,74,69,1
2026-02-28,N,UC San Diego,Cal Poly,80,64,1
2026-02-28,N,Cal State Bakersfield,Long Beach State,87,88,0
2026-02-28,N,Loyola Marymount,Seattle U,66,71,0
2026-02-28,N,California Baptist,Tarleton State,82,67,1
2026-02-28,N,Florida,Arkansas,111,77,1
2026-02-28,N,North Carolina,Virginia Tech,89,82,1
2026-02-28,N,Auburn,Ole Miss,79,85,0
2026-02-28,N,Southern Utah,Utah Tech,81,67,1
2026-02-28,N,St. John's,Villanova,89,57,1
2026-02-28,N,Saint Louis,Duquesne,91,76,1
2026-02-28,N,Pepperdine,Washington State,88,79,1
2026-02-28,N,Santa Clara,Oregon State,93,72,1
2026-02-28,N,UCF,Baylor,86,87,0
2026-02-28,N,Fresno State,Boise State,53,69,0
2026-02-28,N,UC Riverside,Cal State Northridge,95,84,1
2026-02-28,N,Kansas City,Oral Roberts,70,94,0
2026-02-28,N,St. Thomas-Minnesota,Omaha,68,53,1
2026-02-28,N,Northern Kentucky,Wright State,91,92,0
2026-02-28,N,Hofstra,Stony Brook,67,58,1
2026-02-28,N,Cal State Fullerton,Hawai'i,85,87,0
2026-02-28,N,Kansas State,TCU,68,77,0
2026-02-28,N,Arkansas-Pine Bluff,Mississippi Valley State,69,70,0
2026-02-28,N,Texas A&M-Corpus Christi,Northwestern State,71,59,1
2026-02-28,N,Tennessee,Alabama,69,71,0
2026-02-28,N,Pacific,San Francisco,61,72,0
2026-02-28,N,Princeton,Dartmouth,82,61,1
2026-02-28,N,Stanford,SMU,95,75,1
2026-02-28,N,Cornell,Brown,86,80,1
2026-02-28,N,Columbia,Yale,54,60,0
2026-02-28,N,Pennsylvania,Harvard,64,61,1
2026-02-28,N,Samford,UNC Greensboro,87,78,1
2026-02-28,N,New Orleans,McNeese,63,66,0
2026-02-28,N,Idaho State,Weber State,73,83,0
2026-02-28,N,LSU,Oklahoma,67,83,0
2026-02-28,N,North Florida,Jacksonville,61,85,0
2026-02-28,N,Jacksonville State,Liberty,78,81,0
2026-02-28,N,Grambling,Florida A&M,59,66,0
2026-02-28,N,Texas Southern,Jackson State,82,57,1
2026-02-28,N,Alabama A&M,Alabama State,88,89,0
2026-02-28,N,Wake Forest,Syracuse,88,83,1
2026-02-28,N,West Virginia,BYU,79,71,1
2026-02-28,N,Prairie View A&M,Alcorn State,72,51,1
2026-02-28,N,Creighton,Providence,76,79,0
2026-02-28,N,Western Carolina,Furman,86,67,1
2026-02-28,N,UT Rio Grande Valley,East Texas A&M,63,55,1
2026-02-28,N,Sam Houston,Missouri State,86,81,1
2026-02-28,N,San José State,Colorado State,73,85,0
2026-02-28,N,Incarnate Word,Lamar,72,60,1
2026-02-28,N,North Dakota State,North Dakota,96,63,1
2026-02-28,N,Southeast Missouri State,Tennessee Tech,89,73,1
2026-02-28,N,Kennesaw State,Delaware,90,82,1
2026-02-28,N,Coppin State,Norfolk State,69,75,0
2026-02-28,N,Northern Illinois,Ball State,43,79,0
2026-02-28,N,Nicholls,SE Louisiana,68,60,1
2026-02-28,N,Delaware State,North Carolina Central,60,74,0
2026-02-28,N,Maryland Eastern Shore,South Carolina State,69,57,1
2026-02-28,N,Mercer,East Tennessee State,82,76,1
2026-02-28,N,Houston Christian,Stephen F. Austin,56,77,0
2026-02-28,N,Western Illinois,Lindenwood,69,91,0
2026-02-28,N,SIU Edwardsville,Eastern Illinois,77,50,1
2026-02-28,N,Texas A&M,Texas,70,76,0
2026-02-28,N,Arizona,Kansas,84,61,1
2026-02-28,N,Iowa State,Texas Tech,73,82,0
2026-02-28,N,USC,Nebraska,67,82,0
2026-02-28,N,Wyoming,Air Force,66,62,1
2026-02-28,N,Evansville,Valparaiso,80,79,1
2026-02-28,N,Portland,San Diego,87,74,1
2026-02-28,N,Morgan State,Howard,59,84,0
2026-02-28,N,Loyola Chicago,Richmond,69,66,1
2026-02-28,N,Washington,Wisconsin,73,90,0
2026-02-28,N,Winthrop,Presbyterian,74,70,1
2026-02-28,N,California,Pittsburgh,56,72,0
2026-02-28,N,Navy,Colgate,85,69,1
2026-02-28,N,Ohio,Toledo,67,79,0
2026-02-28,N,Bryant,NJIT,69,52,1
2026-02-28,N,Hampton,Northeastern,76,65,1
2026-02-28,N,Montana,Portland State,74,68,1
2026-02-28,N,Idaho,Northern Colorado,67,76,0
2026-02-28,N,Eastern Washington,Northern Arizona,88,57,1
2026-02-28,N,Eastern Kentucky,Lipscomb,77,80,0
2026-02-28,N,Little Rock,Southern Indiana,89,70,1
2026-02-28,N,Utah Valley,Abilene Christian,74,67,1
2026-02-28,N,Arizona State,Utah,73,60,1
2026-02-28,N,Southern,Bethune-Cookman,79,82,0
2026-02-28,N,Georgia,South Carolina,87,68,1
2026-02-28,N,Longwood,Radford,90,74,1
2026-02-28,N,Oakland,Detroit Mercy,89,95,0
2026-02-28,N,Monmouth,Elon,73,57,1
2026-02-28,N,Montana State,Sacramento State,82,61,1
2026-02-28,N,Louisiana Tech,Florida International,76,84,0
2026-02-28,N,Western Kentucky,UTEP,97,65,1
2026-02-28,N,Miami,Boston College,76,54,1
2026-02-28,N,Kentucky,Vanderbilt,91,77,1
2026-02-28,N,Clemson,Louisville,80,75,1
2026-02-28,N,IU Indianapolis,Purdue Fort Wayne,81,87,0
2026-02-28,N,Lehigh,Bucknell,89,79,1
2026-02-28,N,George Mason,St. Bonaventure,71,58,1
2026-02-28,N,Cincinnati,Oklahoma State,91,68,1
2026-02-28,N,Northwestern,Oregon,63,62,1
2026-02-28,N,Minnesota,UCLA,78,73,1
2026-02-28,N,South Carolina Upstate,Gardner-Webb,71,61,1
2026-02-28,N,UNC Asheville,Charleston Southern,75,92,0
2026-02-28,N,New Mexico,San Diego State,81,76,1
2026-02-28,N,South Dakota,South Dakota State,75,70,1
2026-02-28,N,Green Bay,Youngstown State,85,63,1
2026-02-28,N,Bowling Green,Massachusetts,81,62,1
2026-02-28,N,Buffalo,Central Michigan,70,75,0
2026-02-28,N,Stonehill,Mercyhurst,72,75,0
2026-02-28,N,UAlbany,New Hampshire,84,61,1
2026-02-28,N,Binghamton,Maine,74,67,1
2026-02-28,N,North Carolina A&T,William & Mary,88,91,0
2026-02-28,N,Towson,Campbell,71,67,1
2026-02-28,N,Wofford,The Citadel,90,93,0
2026-02-28,N,Chattanooga,VMI,86,79,1
2026-02-28,N,Central Arkansas,Queens University,84,79,1
2026-02-28,N,West Georgia,North Alabama,75,63,1
2026-02-28,N,Stetson,Florida Gulf Coast,78,63,1
2026-02-28,N,Bellarmine,Austin Peay,111,97,1
2026-02-28,N,UT Martin,Tennessee State,42,67,0
2026-02-28,N,Xavier,Georgetown,91,84,1
2026-02-28,N,Lafayette,Army,83,77,1
2026-02-28,N,Robert Morris,Cleveland State,83,64,1
2026-02-28,N,Wagner,Chicago State,80,61,1
2026-02-28,N,Central Connecticut,Saint Francis,69,64,1
2026-02-28,N,New Haven,Le Moyne,66,59,1
2026-02-28,N,Long Island University,Fairleigh Dickinson,74,60,1
2026-02-28,N,UMass Lowell,UMBC,60,84,0
2026-02-28,N,Mississippi State,Missouri,64,88,0
2026-02-28,N,Middle Tennessee,New Mexico State,86,85,1
2026-02-28,N,VCU,Fordham,82,63,1
2026-02-28,N,Duke,Virginia,77,51,1
2026-02-28,N,Houston,Colorado,102,62,1
2026-02-28,N,UConn,Seton Hall,71,67,1
2026-02-28,N,Rhode Island,Saint Joseph's,55,61,0
2026-02-28,N,Penn State,Iowa,71,69,1
2026-02-28,N,American University,Boston University,65,68,0
2026-02-28,N,Notre Dame,NC State,96,90,1
2026-02-28,N,Georgia Tech,Florida State,71,80,0
2026-02-28,N,Holy Cross,Loyola Maryland,62,76,0
2026-02-27,N,Arkansas State,Louisiana,81,58,1
2026-02-27,N,Marshall,Georgia Southern,82,99,0
2026-02-27,N,South Alabama,Southern Miss,55,68,0
2026-02-27,N,Illinois,Michigan,70,84,0
2026-02-27,N,Kent State,Akron,70,92,0
2026-02-27,N,Texas State,App State,60,57,1
2026-02-27,N,James Madison,Coastal Carolina,68,69,0
2026-02-27,N,Georgia State,Old Dominion,73,81,0
2026-02-27,N,George Washington,Dayton,66,68,0
2026-02-27,N,Iona,Rider,80,58,1
2026-02-27,N,Columbia,Brown,80,62,1
2026-02-27,N,Fairfield,Siena,72,58,1
2026-02-27,N,Sacred Heart,Mount St. Mary's,77,69,1
2026-02-27,N,Canisius,Merrimack,67,62,1
2026-02-27,N,Saint Peter's,Manhattan,75,65,1
2026-02-27,N,Princeton,Harvard,56,58,0
2026-02-27,N,Pennsylvania,Dartmouth,80,71,1
2026-02-27,N,Troy,UL Monroe,80,65,1
2026-02-27,N,Niagara,Quinnipiac,78,76,1
2026-02-27,N,Western Michigan,Miami (OH),67,69,0
2026-02-27,N,Cornell,Yale,72,69,1
2026-02-26,N,Cal Poly,Long Beach State,102,92,1
2026-02-26,N,Cal State Northridge,UC Irvine,67,68,0
2026-02-26,N,UC San Diego,Cal State Bakersfield,84,72,1
2026-02-26,N,California Baptist,UT Arlington,68,56,1
2026-02-26,N,Prairie View A&M,Jackson State,85,76,1
2026-02-26,N,Memphis,Wichita State,82,88,0
2026-02-26,N,UC Santa Barbara,UC Riverside,70,59,1
2026-02-26,N,St. Thomas-Minnesota,North Dakota State,84,62,1
2026-02-26,N,UC Davis,Hawai'i,73,77,0
2026-02-26,N,Montana State,Portland State,84,69,1
2026-02-26,N,Montana,Sacramento State,81,73,1
2026-02-26,N,Idaho,Northern Arizona,78,58,1
2026-02-26,N,Eastern Washington,Northern Colorado,82,72,1
2026-02-26,N,UT Martin,Tennessee Tech,64,49,1
2026-02-26,N,Utah Tech,Abilene Christian,85,81,1
2026-02-26,N,Sam Houston,Florida International,100,67,1
2026-02-26,N,Little Rock,Morehead State,70,76,0
2026-02-26,N,Southern,Florida A&M,71,82,0
2026-02-26,N,SIU Edwardsville,Western Illinois,67,47,1
2026-02-26,N,Southeast Missouri State,Tennessee State,71,79,0
2026-02-26,N,Lindenwood,Eastern Illinois,67,71,0
2026-02-26,N,Texas Southern,Alcorn State,92,87,1
2026-02-26,N,Purdue,Michigan State,74,76,0
2026-02-26,N,Oral Roberts,Denver,102,80,1
2026-02-26,N,Kansas City,South Dakota State,59,73,0
2026-02-26,N,Samford,VMI,80,61,1
2026-02-26,N,Utah Valley,Tarleton State,79,72,1
2026-02-26,N,Louisiana Tech,Missouri State,72,70,1
2026-02-26,N,Middle Tennessee,UTEP,77,67,1
2026-02-26,N,Western Kentucky,New Mexico State,93,70,1
2026-02-26,N,Florida Atlantic,Temple,77,73,1
2026-02-26,N,Charleston Southern,Winthrop,86,84,1
2026-02-26,N,Radford,South Carolina Upstate,71,59,1
2026-02-26,N,Gardner-Webb,UNC Asheville,71,77,0
2026-02-26,N,Presbyterian,High Point,73,79,0
2026-02-26,N,Central Connecticut,Mercyhurst,80,78,1
2026-02-26,N,Wagner,New Haven,65,62,1
2026-02-26,N,Stonehill,Saint Francis,103,77,1
2026-02-26,N,Long Island University,Chicago State,73,56,1
2026-02-26,N,Le Moyne,Fairleigh Dickinson,76,59,1
2026-02-26,N,Vermont,UMass Lowell,66,64,1
2026-02-26,N,Drexel,Campbell,65,60,1
2026-02-26,N,Towson,Elon,58,56,1
2026-02-26,N,UNC Wilmington,North Carolina A&T,88,65,1
2026-02-26,N,Monmouth,Stony Brook,82,69,1
2026-02-26,N,William & Mary,Northeastern,84,77,1
2026-02-26,N,Chattanooga,UNC Greensboro,80,85,0
2026-02-26,N,Jacksonville,Stetson,89,85,1
2026-02-26,N,North Florida,Florida Gulf Coast,76,70,1
2026-02-26,N,Jacksonville State,Delaware,80,70,1
2026-02-26,N,Kennesaw State,Liberty,74,65,1
2026-02-26,N,Grambling,Bethune-Cookman,71,76,0
2026-02-26,N,UAlbany,Maine,59,70,0
2026-02-26,N,Binghamton,New Hampshire,65,63,1
2026-02-26,N,UMBC,Bryant,70,58,1
2026-02-26,N,St. Bonaventure,Rhode Island,94,76,1
2026-02-26,N,Hampton,Charleston,71,85,0
2026-02-25,N,Loyola Marymount,Washington State,67,66,1
2026-02-25,N,Saint Mary's,Santa Clara,86,67,1
2026-02-25,N,Oregon,Wisconsin,85,71,1
2026-02-25,N,San Diego State,Utah State,89,72,1
2026-02-25,N,Oregon State,San Diego,92,82,1
2026-02-25,N,California,SMU,73,69,1
2026-02-25,N,North Alabama,Bellarmine,73,68,1
2026-02-25,N,Arkansas,Texas A&M,99,84,1
2026-02-25,N,Gonzaga,Portland,89,48,1
2026-02-25,N,Alabama,Mississippi State,100,75,1
2026-02-25,N,Pepperdine,Seattle U,80,87,0
2026-02-25,N,Colorado,Kansas State,79,70,1
2026-02-25,N,Iowa,Ohio State,74,57,1
2026-02-25,N,Grand Canyon,UNLV,80,67,1
2026-02-25,N,Creighton,DePaul,71,72,0
2026-02-25,N,Ole Miss,LSU,99,106,0
2026-02-25,N,South Alabama,UL Monroe,89,54,1
2026-02-25,N,Austin Peay,Central Arkansas,88,93,0
2026-02-25,N,Valparaiso,Drake,74,71,1
2026-02-25,N,Southern Illinois,Indiana State,66,55,1
2026-02-25,N,Rice,South Florida,56,75,0
2026-02-25,N,UTSA,East Carolina,81,82,0
2026-02-25,N,Stanford,Pittsburgh,75,67,1
2026-02-25,N,Milwaukee,Youngstown State,78,65,1
2026-02-25,N,James Madison,Georgia Southern,82,66,1
2026-02-25,N,Belmont,Evansville,98,64,1
2026-02-25,N,Tulane,Tulsa,56,90,0
2026-02-25,N,Providence,Xavier,94,84,1
2026-02-25,N,UConn,St. John's,72,40,1
2026-02-25,N,Texas,Florida,71,84,0
2026-02-25,N,Nebraska,Maryland,74,61,1
2026-02-25,N,Vanderbilt,Georgia,88,80,1
2026-02-25,N,Northern Iowa,Illinois State,69,71,0
2026-02-25,N,Colgate,Lafayette,69,70,0
2026-02-25,N,American University,Lehigh,73,78,0
2026-02-25,N,Saint Joseph's,George Mason,81,63,1
2026-02-25,N,Duquesne,Davidson,56,67,0
2026-02-25,N,Charlotte,North Texas,80,79,1
2026-02-25,N,Boston University,Holy Cross,78,63,1
2026-02-25,N,Villanova,Butler,82,73,1
2026-02-25,N,Loyola Maryland,Navy,51,78,0
2026-02-25,N,South Dakota,Omaha,89,72,1
2026-02-25,N,Robert Morris,Detroit Mercy,73,62,1
2026-02-25,N,Purdue Fort Wayne,Wright State,70,74,0
2026-02-25,N,Cleveland State,Northern Kentucky,70,81,0
2026-02-25,N,Western Carolina,Mercer,78,74,1
2026-02-25,N,East Tennessee State,Wofford,69,72,0
2026-02-25,N,West Georgia,Lipscomb,84,78,1
2026-02-25,N,Eastern Kentucky,Queens University,79,96,0
2026-02-25,N,IU Indianapolis,Oakland,74,86,0
2026-02-25,N,South Carolina State,Morgan State,83,90,0
2026-02-25,N,Boston College,Wake Forest,68,67,1
2026-02-25,N,Furman,The Citadel,72,51,1
2026-02-25,N,Army,Bucknell,73,75,0
2026-02-24,N,BYU,UCF,84,97,0
2026-02-24,N,Nevada,New Mexico,67,60,1
2026-02-24,N,UCLA,USC,81,62,1
2026-02-24,N,Baylor,Arizona,80,87,0
2026-02-24,N,Utah,Iowa State,59,75,0
2026-02-24,N,Missouri,Tennessee,73,69,1
2026-02-24,N,Colorado State,Fresno State,74,70,1
2026-02-24,N,TCU,Arizona State,90,78,1
2026-02-24,N,Boise State,Wyoming,72,62,1
2026-02-24,N,Florida State,Miami,73,83,0
2026-02-24,N,Air Force,San José State,80,86,0
2026-02-24,N,Oklahoma,Auburn,91,79,1
2026-02-24,N,Michigan,Minnesota,77,67,1
2026-02-24,N,Arkansas State,Southern Miss,89,84,1
2026-02-24,N,UIC,Bradley,93,86,1
2026-02-24,N,Georgia State,Coastal Carolina,71,76,0
2026-02-24,N,Morehead State,Southern Indiana,64,63,1
2026-02-24,N,Notre Dame,Duke,56,100,0
2026-02-24,N,Virginia,NC State,90,61,1
2026-02-24,N,Texas Tech,Cincinnati,80,68,1
2026-02-24,N,Dayton,Saint Louis,77,62,1
2026-02-24,N,Oklahoma State,West Virginia,91,84,1
2026-02-24,N,Indiana,Northwestern,68,72,0
2026-02-24,N,Georgetown,Marquette,60,76,0
2026-02-24,N,Bowling Green,Western Michigan,79,88,0
2026-02-24,N,Toledo,Northern Illinois,79,69,1
2026-02-24,N,Ball State,Massachusetts,74,73,1
2026-02-24,N,Kent State,Central Michigan,83,81,1
2026-02-24,N,Akron,Buffalo,99,85,1
2026-02-24,N,Troy,Louisiana,78,59,1
2026-02-24,N,Marshall,Old Dominion,97,88,1
2026-02-24,N,South Carolina,Kentucky,63,72,0
2026-02-24,N,Eastern Michigan,Miami (OH),64,74,0
2026-02-24,N,La Salle,George Washington,77,104,0
2026-02-24,N,Rutgers,Washington,72,79,0
2026-02-24,N,New Haven,Saint Francis,67,73,0
2026-02-23,N,Kansas,Houston,69,56,1
2026-02-23,N,Grambling,Mississippi Valley State,83,62,1
2026-02-23,N,Northwestern State,Incarnate Word,54,49,1
2026-02-23,N,Stephen F. Austin,New Orleans,73,77,0
2026-02-23,N,McNeese,UT Rio Grande Valley,75,68,1
2026-02-23,N,East Texas A&M,Houston Christian,68,69,0
2026-02-23,N,North Carolina,Louisville,77,74,1
2026-02-23,N,SE Louisiana,Texas A&M-Corpus Christi,68,73,0
2026-02-23,N,Lamar,Nicholls,52,53,0
2026-02-22,N,Wisconsin,Iowa,84,71,1
2026-02-22,N,Tulsa,UTSA,100,74,1
2026-02-22,N,North Texas,Florida Atlantic,73,72,1
2026-02-22,N,Oakland,Milwaukee,81,70,1
2026-02-22,N,Tulane,Rice,81,75,1
2026-02-22,N,Quinnipiac,Fairfield,79,85,0
2026-02-22,N,Youngstown State,Northern Kentucky,64,58,1
2026-02-22,N,Wright State,Robert Morris,68,81,0
2026-02-22,N,Cleveland State,Purdue Fort Wayne,86,92,0
2026-02-22,N,Siena,Saint Peter's,72,63,1
2026-02-22,N,Mount St. Mary's,Canisius,68,47,1
2026-02-22,N,Drexel,Towson,68,62,1
2026-02-22,N,Michigan State,Ohio State,66,60,1
2026-02-22,N,Merrimack,Iona,88,86,1
2026-02-22,N,Detroit Mercy,Green Bay,74,70,1
2026-02-22,N,Marist,Sacred Heart,65,63,1
2026-02-22,N,Lafayette,American University,61,75,0
2026-02-22,N,Memphis,UAB,67,78,0
2026-02-22,N,Bucknell,Holy Cross,63,72,0
2026-02-22,N,Lehigh,Boston University,70,67,1
2026-02-22,N,Rider,Niagara,67,62,1
2026-02-21,N,BYU,Iowa State,79,69,1
2026-02-21,N,Washington State,Saint Mary's,67,83,0
2026-02-21,N,Nevada,Utah State,80,77,1
2026-02-21,N,San Francisco,Santa Clara,73,94,0
2026-02-21,N,Seattle U,Portland,71,59,1
2026-02-21,N,Hawai'i,UC Santa Barbara,78,75,1
2026-02-21,N,UC Irvine,UC San Diego,69,71,0
2026-02-21,N,Sacramento State,Idaho,80,86,0
2026-02-21,N,Cal State Bakersfield,Cal State Fullerton,80,88,0
2026-02-21,N,Weber State,Montana,92,72,1
2026-02-21,N,Gonzaga,Pacific,71,62,1
2026-02-21,N,Utah,UCF,71,73,0
2026-02-21,N,Long Beach State,Cal State Northridge,76,78,0
2026-02-21,N,New Mexico State,UTEP,67,63,1
2026-02-21,N,Auburn,Kentucky,75,74,1
2026-02-21,N,Oklahoma,Texas A&M,71,75,0
2026-02-21,N,DePaul,Providence,68,71,0
2026-02-21,N,UCLA,Illinois,95,94,1
2026-02-21,N,Bradley,Illinois State,74,60,1
2026-02-21,N,Belmont,Indiana State,87,70,1
2026-02-21,N,Oregon State,Pepperdine,83,73,1
2026-02-21,N,Fresno State,New Mexico,78,80,0
2026-02-21,N,Grand Canyon,Wyoming,65,70,0
2026-02-21,N,Oral Roberts,South Dakota,67,62,1
2026-02-21,N,McNeese,Texas A&M-Corpus Christi,70,54,1
2026-02-21,N,Northern Colorado,Northern Arizona,78,77,1
2026-02-21,N,Mississippi Valley State,Texas Southern,72,71,1
2026-02-21,N,Fairleigh Dickinson,New Haven,77,84,0
2026-02-21,N,NJIT,Vermont,64,70,0
2026-02-21,N,Elon,North Carolina A&T,82,102,0
2026-02-21,N,Wofford,Furman,67,76,0
2026-02-21,N,Lamar,New Orleans,71,77,0
2026-02-21,N,Bellarmine,Eastern Kentucky,92,95,0
2026-02-21,N,Jacksonville,Austin Peay,61,65,0
2026-02-21,N,Florida A&M,Alabama State,76,63,1
2026-02-21,N,Duke,Michigan,68,63,1
2026-02-21,N,Arkansas-Pine Bluff,Prairie View A&M,84,82,1
2026-02-21,N,Seton Hall,Georgetown,51,47,1
2026-02-21,N,LSU,Alabama,83,90,0
2026-02-21,N,Northern Iowa,Southern Illinois,57,59,0
2026-02-21,N,San Diego,Loyola Marymount,65,77,0
2026-02-21,N,Richmond,St. Bonaventure,99,94,1
2026-02-21,N,Wichita State,Temple,69,57,1
2026-02-21,N,Southern,Grambling,87,73,1
2026-02-21,N,Colorado State,San Diego State,83,74,1
2026-02-21,N,California,Stanford,72,66,1
2026-02-21,N,Denver,St. Thomas-Minnesota,82,80,1
2026-02-21,N,Massachusetts,Buffalo,82,86,0
2026-02-21,N,Stephen F. Austin,Nicholls,81,78,1
2026-02-21,N,East Texas A&M,Incarnate Word,73,82,0
2026-02-21,N,Idaho State,Montana State,91,76,1
2026-02-21,N,Villanova,UConn,63,73,0
2026-02-21,N,Bethune-Cookman,Alabama A&M,85,76,1
2026-02-21,N,Lipscomb,North Alabama,73,51,1
2026-02-21,N,South Carolina Upstate,Presbyterian,76,74,1
2026-02-21,N,Morgan State,Delaware State,82,68,1
2026-02-21,N,TCU,West Virginia,60,54,1
2026-02-21,N,Central Michigan,Western Michigan,83,70,1
2026-02-21,N,Toledo,Eastern Michigan,94,75,1
2026-02-21,N,UC Riverside,UC Davis,73,78,0
2026-02-21,N,Portland State,Eastern Washington,55,67,0
2026-02-21,N,Tarleton State,Utah Tech,72,80,0
2026-02-21,N,Kennesaw State,Louisiana Tech,58,55,1
2026-02-21,N,Alcorn State,Jackson State,83,65,1
2026-02-21,N,UNC Asheville,Radford,74,73,1
2026-02-21,N,Coppin State,Maryland Eastern Shore,71,65,1
2026-02-21,N,SE Louisiana,UT Rio Grande Valley,75,96,0
2026-02-21,N,Northwestern State,Houston Christian,71,53,1
2026-02-21,N,Western Illinois,Morehead State,59,81,0
2026-02-21,N,Eastern Illinois,Southern Indiana,68,70,0
2026-02-21,N,Arkansas,Missouri,94,86,1
2026-02-21,N,Murray State,Evansville,88,75,1
2026-02-21,N,Norfolk State,South Carolina State,90,71,1
2026-02-21,N,Baylor,Arizona State,73,68,1
2026-02-21,N,USC,Oregon,70,71,0
2026-02-21,N,High Point,Winthrop,89,87,1
2026-02-21,N,Charleston Southern,Longwood,96,107,0
2026-02-21,N,Boise State,San José State,84,69,1
2026-02-21,N,SMU,Boston College,94,70,1
2026-02-21,N,New Hampshire,Maine,58,61,0
2026-02-21,N,Charleston,Monmouth,74,63,1
2026-02-21,N,Stony Brook,Hampton,79,72,1
2026-02-21,N,Campbell,UNC Wilmington,68,73,0
2026-02-21,N,UNC Greensboro,East Tennessee State,75,87,0
2026-02-21,N,South Alabama,Troy,65,54,1
2026-02-21,N,Little Rock,Southeast Missouri State,65,70,0
2026-02-21,N,Tennessee Tech,Lindenwood,72,57,1
2026-02-21,N,Abilene Christian,Southern Utah,87,83,1
2026-02-21,N,Liberty,Western Kentucky,73,94,0
2026-02-21,N,Georgia State,James Madison,65,80,0
2026-02-21,N,Colorado,Oklahoma State,83,69,1
2026-02-21,N,Georgia,Texas,91,80,1
2026-02-21,N,Stetson,North Florida,76,71,1
2026-02-21,N,Sam Houston,Jacksonville State,82,78,1
2026-02-21,N,Houston,Arizona,66,73,0
2026-02-21,N,UIC,Valparaiso,67,71,0
2026-02-21,N,Maryland,Washington,64,60,1
2026-02-21,N,Air Force,UNLV,66,91,0
2026-02-21,N,South Dakota State,North Dakota,91,83,1
2026-02-21,N,Northern Illinois,Ohio,66,74,0
2026-02-21,N,UL Monroe,Arkansas State,94,102,0
2026-02-21,N,Southern Miss,Old Dominion,86,81,1
2026-02-21,N,Queens University,West Georgia,91,84,1
2026-02-21,N,UT Arlington,Utah Valley,54,66,0
2026-02-21,N,Florida International,Missouri State,70,67,1
2026-02-21,N,Texas Tech,Kansas State,100,72,1
2026-02-21,N,La Salle,Rhode Island,59,46,1
2026-02-21,N,Louisville,Georgia Tech,87,70,1
2026-02-21,N,Nebraska,Penn State,87,64,1
2026-02-21,N,Virginia,Miami,86,83,1
2026-02-21,N,Vanderbilt,Tennessee,65,69,0
2026-02-21,N,Dayton,Duquesne,78,66,1
2026-02-21,N,Fordham,Davidson,63,59,1
2026-02-21,N,Pittsburgh,Notre Dame,73,68,1
2026-02-21,N,Colgate,Loyola Maryland,101,98,1
2026-02-21,N,Columbia,Dartmouth,63,64,0
2026-02-21,N,North Dakota State,Kansas City,95,59,1
2026-02-21,N,Chicago State,Central Connecticut,70,51,1
2026-02-21,N,Cornell,Harvard,54,73,0
2026-02-21,N,Yale,Pennsylvania,74,70,1
2026-02-21,N,Saint Francis,Wagner,56,65,0
2026-02-21,N,Mercyhurst,Long Island University,91,83,1
2026-02-21,N,Stonehill,Le Moyne,77,68,1
2026-02-21,N,Northeastern,Hofstra,68,82,0
2026-02-21,N,Mercer,Samford,89,86,1
2026-02-21,N,Florida Gulf Coast,Central Arkansas,75,71,1
2026-02-21,N,Tennessee State,SIU Edwardsville,80,53,1
2026-02-21,N,Middle Tennessee,Delaware,78,66,1
2026-02-21,N,Butler,Xavier,80,75,1
2026-02-21,N,Army,Navy,63,81,0
2026-02-21,N,Kansas,Cincinnati,68,84,0
2026-02-21,N,Syracuse,North Carolina,64,77,0
2026-02-21,N,UMass Lowell,Binghamton,92,79,1
2026-02-21,N,UMBC,UAlbany,66,62,1
2026-02-21,N,VMI,Western Carolina,62,81,0
2026-02-21,N,The Citadel,Chattanooga,72,93,0
2026-02-21,N,Louisiana,Texas State,67,54,1
2026-02-21,N,Coastal Carolina,Marshall,79,75,1
2026-02-21,N,App State,Georgia Southern,89,74,1
2026-02-21,N,South Carolina,Mississippi State,97,89,1
2026-02-21,N,Ole Miss,Florida,75,94,0
2026-02-21,N,St. John's,Creighton,81,52,1
2026-02-21,N,Howard,North Carolina Central,100,67,1
2026-02-21,N,Saint Joseph's,Loyola Chicago,75,61,1
2026-02-21,N,Charlotte,East Carolina,68,56,1
2026-02-21,N,Minnesota,Rutgers,80,61,1
2026-02-21,N,Virginia Tech,Wake Forest,82,63,1
2026-02-21,N,Clemson,Florida State,65,70,0
2026-02-20,N,Miami (OH),Bowling Green,91,77,1
2026-02-20,N,Purdue,Indiana,93,64,1
2026-02-20,N,Merrimack,Siena,79,72,1
2026-02-20,N,Saint Louis,VCU,88,75,1
2026-02-20,N,Iona,Saint Peter's,72,64,1
2026-02-20,N,Fairfield,Sacred Heart,78,68,1
2026-02-20,N,Brown,Princeton,80,71,1
2026-02-20,N,Detroit Mercy,Milwaukee,91,86,1
2026-02-20,N,Oakland,Green Bay,68,73,0
2026-02-20,N,Mount St. Mary's,Niagara,76,63,1
2026-02-20,N,Rider,Canisius,66,72,0
2026-02-20,N,Manhattan,Marist,70,84,0
2026-02-20,N,Ball State,Akron,65,78,0
2026-02-19,N,Hawai'i,Cal Poly,75,86,0
2026-02-19,N,UC Riverside,Cal State Bakersfield,93,65,1
2026-02-19,N,Cal State Fullerton,UC Davis,93,92,1
2026-02-19,N,Long Beach State,UC Irvine,58,69,0
2026-02-19,N,Sacramento State,Eastern Washington,94,102,0
2026-02-19,N,Florida A&M,Alabama A&M,61,63,0
2026-02-19,N,North Texas,Tulane,71,77,0
2026-02-19,N,Arkansas-Pine Bluff,Texas Southern,64,83,0
2026-02-19,N,UC Santa Barbara,Cal State Northridge,83,85,0
2026-02-19,N,Denver,South Dakota,90,70,1
2026-02-19,N,Weber State,Montana State,82,79,1
2026-02-19,N,Idaho State,Montana,73,69,1
2026-02-19,N,Portland State,Idaho,77,67,1
2026-02-19,N,Mississippi Valley State,Prairie View A&M,62,72,0
2026-02-19,N,Tennessee Tech,SIU Edwardsville,62,52,1
2026-02-19,N,Western Illinois,Southern Indiana,70,77,0
2026-02-19,N,Tennessee State,Lindenwood,89,80,1
2026-02-19,N,Eastern Illinois,Morehead State,70,73,0
2026-02-19,N,Little Rock,UT Martin,67,65,1
2026-02-19,N,North Dakota,Kansas City,85,70,1
2026-02-19,N,Hofstra,Hampton,79,43,1
2026-02-19,N,South Alabama,Texas State,82,90,0
2026-02-19,N,Louisiana,Arkansas State,62,79,0
2026-02-19,N,Georgia State,Georgia Southern,66,64,1
2026-02-19,N,Stetson,Central Arkansas,76,88,0
2026-02-19,N,Utah Valley,California Baptist,65,46,1
2026-02-19,N,UT Arlington,Utah Tech,63,50,1
2026-02-19,N,Tarleton State,Southern Utah,78,74,1
2026-02-19,N,Bethune-Cookman,Alabama State,82,71,1
2026-02-19,N,South Florida,Memphis,87,66,1
2026-02-19,N,High Point,UNC Asheville,74,48,1
2026-02-19,N,Presbyterian,Longwood,72,65,1
2026-02-19,N,Radford,Gardner-Webb,82,70,1
2026-02-19,N,Wright State,IU Indianapolis,85,73,1
2026-02-19,N,Mercyhurst,Wagner,80,83,0
2026-02-19,N,New Haven,Stonehill,64,51,1
2026-02-19,N,Saint Francis,Long Island University,89,91,0
2026-02-19,N,Central Connecticut,Le Moyne,78,77,1
2026-02-19,N,Chicago State,Fairleigh Dickinson,59,60,0
2026-02-19,N,NJIT,UAlbany,63,81,0
2026-02-19,N,UNC Wilmington,Monmouth,79,69,1
2026-02-19,N,Northeastern,Drexel,61,70,0
2026-02-19,N,Campbell,William & Mary,84,83,1
2026-02-19,N,North Carolina A&T,Charleston,61,74,0
2026-02-19,N,The Citadel,Samford,75,78,0
2026-02-19,N,Mercer,Chattanooga,90,94,0
2026-02-19,N,North Florida,Austin Peay,76,77,0
2026-02-19,N,Winthrop,South Carolina Upstate,68,64,1
2026-02-19,N,App State,Marshall,93,94,0
2026-02-19,N,UMBC,Vermont,75,62,1
2026-02-19,N,UMass Lowell,New Hampshire,78,56,1
2026-02-19,N,Bryant,Binghamton,67,79,0
2026-02-19,N,Liberty,Florida International,90,89,1
2026-02-18,N,San Francisco,Gonzaga,59,80,0
2026-02-18,N,UNLV,Colorado State,86,91,0
2026-02-18,N,Utah State,Boise State,75,56,1
2026-02-18,N,USC,Illinois,65,101,0
2026-02-18,N,Portland,Pepperdine,87,95,0
2026-02-18,N,Washington State,Pacific,87,70,1
2026-02-18,N,Arizona,BYU,75,68,1
2026-02-18,N,Oklahoma State,Kansas,69,81,0
2026-02-18,N,Georgia Tech,Virginia,68,94,0
2026-02-18,N,Marquette,St. John's,70,76,0
2026-02-18,N,Missouri,Vanderbilt,81,80,1
2026-02-18,N,Illinois State,Murray State,78,61,1
2026-02-18,N,Seattle U,Saint Mary's,70,72,0
2026-02-18,N,Mississippi State,Auburn,91,85,1
2026-02-18,N,West Virginia,Utah,56,61,0
2026-02-18,N,South Carolina State,North Carolina Central,85,72,1
2026-02-18,N,Evansville,UIC,46,84,0
2026-02-18,N,UTSA,Florida Atlantic,52,60,0
2026-02-18,N,Tulsa,Charlotte,79,74,1
2026-02-18,N,Northwestern,Maryland,78,74,1
2026-02-18,N,Seton Hall,DePaul,57,69,0
2026-02-18,N,Omaha,Oral Roberts,80,71,1
2026-02-18,N,South Dakota State,North Dakota State,66,74,0
2026-02-18,N,Missouri State,Kennesaw State,87,91,0
2026-02-18,N,Drake,Southern Illinois,61,66,0
2026-02-18,N,UL Monroe,Troy,76,77,0
2026-02-18,N,Bellarmine,Lipscomb,72,75,0
2026-02-18,N,Sam Houston,Middle Tennessee,78,70,1
2026-02-18,N,Louisiana Tech,Jacksonville State,77,71,1
2026-02-18,N,UConn,Creighton,84,91,0
2026-02-18,N,Alabama,Arkansas,117,115,1
2026-02-18,N,Indiana State,Northern Iowa,60,81,0
2026-02-18,N,Valparaiso,Bradley,79,72,1
2026-02-18,N,Bucknell,American University,57,75,0
2026-02-18,N,St. Bonaventure,Saint Joseph's,65,71,0
2026-02-18,N,Fordham,Loyola Chicago,62,59,1
2026-02-18,N,Duquesne,La Salle,62,61,1
2026-02-18,N,George Mason,Dayton,67,82,0
2026-02-18,N,Davidson,Richmond,65,63,1
2026-02-18,N,East Carolina,Wichita State,89,92,0
2026-02-18,N,Temple,UAB,71,76,0
2026-02-18,N,Wake Forest,Clemson,85,77,1
2026-02-18,N,Loyola Maryland,Army,77,87,0
2026-02-18,N,Navy,Lehigh,72,49,1
2026-02-18,N,Northern Kentucky,Purdue Fort Wayne,87,71,1
2026-02-18,N,Western Carolina,UNC Greensboro,91,77,1
2026-02-18,N,Coastal Carolina,James Madison,65,67,0
2026-02-18,N,Texas A&M,Ole Miss,80,77,1
2026-02-18,N,Tennessee,Oklahoma,89,66,1
2026-02-18,N,Eastern Kentucky,West Georgia,81,80,1
2026-02-18,N,Florida Gulf Coast,Jacksonville,86,84,1
2026-02-18,N,North Alabama,Queens University,78,85,0
2026-02-18,N,Delaware,Western Kentucky,87,88,0
2026-02-18,N,Georgetown,Butler,89,93,0
2026-02-18,N,Youngstown State,Cleveland State,106,82,1
2026-02-18,N,Furman,East Tennessee State,69,78,0
2026-02-18,N,Penn State,Rutgers,72,85,0
2026-02-18,N,Holy Cross,Lafayette,83,86,0
2026-02-18,N,Wofford,VMI,82,76,1
2026-02-17,N,Arizona State,Texas Tech,72,67,1
2026-02-17,N,Oregon,Minnesota,44,61,0
2026-02-17,N,San José State,Nevada,87,71,1
2026-02-17,N,San Diego State,Grand Canyon,63,73,0
2026-02-17,N,Iowa,Nebraska,57,52,1
2026-02-17,N,Kansas State,Baylor,90,74,1
2026-02-17,N,New Mexico,Air Force,98,61,1
2026-02-17,N,Kentucky,Georgia,78,86,0
2026-02-17,N,Texas,LSU,88,85,1
2026-02-17,N,UT Martin,Southeast Missouri State,53,56,0
2026-02-17,N,Michigan State,UCLA,82,59,1
2026-02-17,N,Ohio State,Wisconsin,86,69,1
2026-02-17,N,Wyoming,Fresno State,92,82,1
2026-02-17,N,VCU,George Washington,89,75,1
2026-02-17,N,Miami,Virginia Tech,67,66,1
2026-02-17,N,Florida,South Carolina,76,62,1
2026-02-17,N,NC State,North Carolina,82,58,1
2026-02-17,N,Rhode Island,Saint Louis,81,76,1
2026-02-17,N,SMU,Louisville,95,85,1
2026-02-17,N,Massachusetts,Miami (OH),77,86,0
2026-02-17,N,UCF,TCU,82,71,1
2026-02-17,N,Bowling Green,Kent State,71,78,0
2026-02-17,N,Ohio,Ball State,69,57,1
2026-02-17,N,Western Michigan,Akron,73,90,0
2026-02-17,N,Purdue,Michigan,80,91,0
2026-02-17,N,Xavier,Villanova,89,92,0
2026-02-17,N,Buffalo,Northern Illinois,70,72,0
2026-02-17,N,Eastern Michigan,Central Michigan,66,54,1
2026-02-17,N,Charleston Southern,Gardner-Webb,75,66,1
2026-02-17,N,Florida State,Boston College,80,72,1
2026-02-16,N,Iowa State,Houston,70,67,1
2026-02-16,N,Tarleton State,Abilene Christian,65,62,1
2026-02-16,N,Alcorn State,Florida A&M,78,86,0
2026-02-16,N,Alabama A&M,Arkansas-Pine Bluff,82,70,1
2026-02-16,N,Texas Southern,Southern,74,73,1
2026-02-16,N,Stony Brook,Drexel,72,69,1
2026-02-16,N,Texas A&M-Corpus Christi,Stephen F. Austin,68,78,0
2026-02-16,N,Houston Christian,Nicholls,72,68,1
2026-02-16,N,Northwestern State,McNeese,64,75,0
2026-02-16,N,UT Rio Grande Valley,Lamar,70,65,1
2026-02-16,N,Incarnate Word,New Orleans,64,78,0
2026-02-16,N,Duke,Syracuse,101,64,1
2026-02-16,N,Long Island University,Wagner,83,65,1
2026-02-16,N,Delaware State,Howard,59,91,0
2026-02-16,N,North Carolina Central,Morgan State,80,76,1
2026-02-16,N,Alabama State,Mississippi Valley State,92,55,1
2026-02-16,N,Jackson State,Bethune-Cookman,91,86,1
2026-02-16,N,Prairie View A&M,Grambling,68,63,1
2026-02-16,N,Maryland Eastern Shore,Norfolk State,66,70,0
2026-02-16,N,Marshall,South Alabama,84,80,1
2026-02-16,N,Boston University,Colgate,85,58,1
2026-02-16,N,Old Dominion,Louisiana,83,72,1
2026-02-16,N,South Carolina State,Coppin State,57,59,0
2026-02-16,N,East Texas A&M,SE Louisiana,70,53,1
2026-02-15,N,Seattle U,Oregon State,60,50,1
2026-02-15,N,Monmouth,Towson,72,71,1
2026-02-15,N,Murray State,Belmont,70,87,0
2026-02-15,N,San Diego,San Francisco,79,92,0
2026-02-15,N,Butler,Seton Hall,56,63,0
2026-02-15,N,Campbell,Charleston,57,62,0
2026-02-15,N,Dayton,Davidson,70,59,1
2026-02-15,N,North Alabama,Eastern Kentucky,84,78,1
2026-02-15,N,Northern Iowa,Drake,86,62,1
2026-02-15,N,UIC,Illinois State,83,56,1
2026-02-15,N,Milwaukee,Green Bay,75,72,1
2026-02-15,N,Valparaiso,Indiana State,76,75,1
2026-02-15,N,Southern Illinois,Bradley,60,70,0
2026-02-15,N,Temple,North Texas,62,65,0
2026-02-15,N,Florida Atlantic,South Florida,81,83,0
2026-02-15,N,UAB,Tulane,54,55,0
2026-02-15,N,Sacred Heart,Rider,86,75,1
2026-02-15,N,Saint Peter's,Fairfield,83,74,1
2026-02-15,N,Quinnipiac,Merrimack,49,56,0
2026-02-15,N,Robert Morris,Oakland,93,69,1
2026-02-15,N,Cleveland State,Wright State,90,102,0
2026-02-15,N,Purdue Fort Wayne,IU Indianapolis,83,78,1
2026-02-15,N,Niagara,Iona,70,68,1
2026-02-15,N,Marist,Siena,63,67,0
2026-02-15,N,Illinois,Indiana,71,51,1
2026-02-15,N,Loyola Maryland,Holy Cross,83,73,1
2026-02-15,N,Omaha,Denver,83,76,1
2026-02-15,N,Detroit Mercy,Youngstown State,76,70,1
2026-02-15,N,Canisius,Manhattan,65,69,0
2026-02-15,N,Charlotte,UTSA,79,88,0
2026-02-15,N,Cincinnati,Utah,69,65,1
2026-02-15,N,Rutgers,Maryland,68,57,1
2026-02-14,N,Santa Clara,Gonzaga,86,94,0
2026-02-14,N,Pacific,Saint Mary's,61,72,0
2026-02-14,N,San Diego State,Nevada,71,57,1
2026-02-14,N,UC Irvine,Cal State Fullerton,86,65,1
2026-02-14,N,UC San Diego,UC Riverside,72,66,1
2026-02-14,N,Washington,Minnesota,69,57,1
2026-02-14,N,Montana,Montana State,71,82,0
2026-02-14,N,Utah Tech,California Baptist,70,65,1
2026-02-14,N,Missouri,Texas,68,85,0
2026-02-14,N,Southern Miss,Troy,69,65,1
2026-02-14,N,Arkansas,Auburn,88,75,1
2026-02-14,N,Georgia Southern,Marshall,101,87,1
2026-02-14,N,Alabama,South Carolina,89,75,1
2026-02-14,N,UConn,Georgetown,79,75,1
2026-02-14,N,Ohio State,Virginia,66,70,0
2026-02-14,N,Utah State,Memphis,99,75,1
2026-02-14,N,Kansas City,St. Thomas-Minnesota,64,104,0
2026-02-14,N,Oral Roberts,South Dakota State,69,87,0
2026-02-14,N,Cal State Northridge,Hawai'i,84,60,1
2026-02-14,N,Northern Arizona,Sacramento State,79,74,1
2026-02-14,N,Western Kentucky,Middle Tennessee,82,80,1
2026-02-14,N,Wichita State,Tulsa,81,77,1
2026-02-14,N,Cal Poly,UC Santa Barbara,89,79,1
2026-02-14,N,Arizona,Texas Tech,75,78,0
2026-02-14,N,Harvard,Yale,75,76,0
2026-02-14,N,Ole Miss,Mississippi State,78,90,0
2026-02-14,N,Richmond,VCU,67,78,0
2026-02-14,N,UCF,West Virginia,67,74,0
2026-02-14,N,Dartmouth,Brown,76,79,0
2026-02-14,N,Princeton,Columbia,65,75,0
2026-02-14,N,Pennsylvania,Cornell,82,76,1
2026-02-14,N,East Texas A&M,McNeese,54,97,0
2026-02-14,N,Tennessee,LSU,73,63,1
2026-02-14,N,Texas Southern,Grambling,82,79,1
2026-02-14,N,Prairie View A&M,Southern,82,87,0
2026-02-14,N,UT Rio Grande Valley,Stephen F. Austin,57,66,0
2026-02-14,N,Austin Peay,Bellarmine,90,70,1
2026-02-14,N,Iowa,Purdue,57,78,0
2026-02-14,N,Lafayette,Lehigh,69,78,0
2026-02-14,N,Pepperdine,Loyola Marymount,90,89,1
2026-02-14,N,Alabama A&M,Mississippi Valley State,72,65,1
2026-02-14,N,San José State,Grand Canyon,79,94,0
2026-02-14,N,North Carolina Central,Coppin State,56,58,0
2026-02-14,N,Fresno State,Air Force,93,63,1
2026-02-14,N,Bowling Green,Toledo,80,70,1
2026-02-14,N,Central Michigan,Northern Illinois,88,46,1
2026-02-14,N,UNC Greensboro,Wofford,99,89,1
2026-02-14,N,Chattanooga,Western Carolina,76,81,0
2026-02-14,N,UC Davis,Long Beach State,71,54,1
2026-02-14,N,Incarnate Word,Nicholls,83,91,0
2026-02-14,N,Idaho,Idaho State,99,69,1
2026-02-14,N,Eastern Washington,Weber State,84,66,1
2026-02-14,N,Southern Indiana,Tennessee Tech,74,82,0
2026-02-14,N,Kennesaw State,Sam Houston,79,83,0
2026-02-14,N,Jacksonville State,New Mexico State,70,79,0
2026-02-14,N,Howard,Maryland Eastern Shore,79,53,1
2026-02-14,N,Norfolk State,Delaware State,75,58,1
2026-02-14,N,Alabama State,Arkansas-Pine Bluff,79,61,1
2026-02-14,N,Alcorn State,Bethune-Cookman,57,55,1
2026-02-14,N,Texas A&M-Corpus Christi,Lamar,76,63,1
2026-02-14,N,Northwestern State,SE Louisiana,69,66,1
2026-02-14,N,Houston Christian,New Orleans,61,60,1
2026-02-14,N,SIU Edwardsville,UT Martin,76,81,0
2026-02-14,N,Lindenwood,Southeast Missouri State,61,73,0
2026-02-14,N,Eastern Illinois,Little Rock,78,72,1
2026-02-14,N,Houston,Kansas State,78,64,1
2026-02-14,N,BYU,Colorado,90,86,1
2026-02-14,N,Baylor,Louisville,71,82,0
2026-02-14,N,Colorado State,Wyoming,79,68,1
2026-02-14,N,St. Bonaventure,Duquesne,73,78,0
2026-02-14,N,Wake Forest,Stanford,68,63,1
2026-02-14,N,NC State,Miami,76,77,0
2026-02-14,N,Binghamton,UAlbany,74,77,0
2026-02-14,N,UNC Wilmington,Hofstra,70,66,1
2026-02-14,N,James Madison,App State,69,58,1
2026-02-14,N,Northern Colorado,Portland State,77,65,1
2026-02-14,N,Jacksonville,North Florida,63,56,1
2026-02-14,N,Queens University,Lipscomb,87,81,1
2026-02-14,N,Abilene Christian,Tarleton State,73,59,1
2026-02-14,N,Jackson State,Florida A&M,80,60,1
2026-02-14,N,Old Dominion,Georgia State,78,55,1
2026-02-14,N,Oklahoma,Georgia,94,78,1
2026-02-14,N,Morehead State,Tennessee State,94,86,1
2026-02-14,N,Florida,Kentucky,92,83,1
2026-02-14,N,Oregon,Penn State,83,72,1
2026-02-14,N,Longwood,South Carolina Upstate,82,75,1
2026-02-14,N,Xavier,Marquette,96,88,1
2026-02-14,N,Maine,NJIT,58,67,0
2026-02-14,N,Texas State,UL Monroe,95,84,1
2026-02-14,N,Arkansas State,South Alabama,88,92,0
2026-02-14,N,UT Arlington,Southern Utah,73,78,0
2026-02-14,N,Missouri State,Delaware,67,76,0
2026-02-14,N,Radford,Charleston Southern,90,80,1
2026-02-14,N,Creighton,Villanova,69,80,0
2026-02-14,N,North Carolina,Pittsburgh,79,65,1
2026-02-14,N,Rice,East Carolina,75,85,0
2026-02-14,N,American University,Army,75,63,1
2026-02-14,N,UNC Asheville,Presbyterian,57,58,0
2026-02-14,N,Gardner-Webb,High Point,87,112,0
2026-02-14,N,Virginia Tech,Florida State,69,92,0
2026-02-14,N,Syracuse,SMU,79,78,1
2026-02-14,N,North Dakota,North Dakota State,66,83,0
2026-02-14,N,Eastern Michigan,Western Michigan,62,76,0
2026-02-14,N,Ball State,Kent State,68,75,0
2026-02-14,N,Stonehill,Wagner,57,68,0
2026-02-14,N,Saint Francis,Mercyhurst,79,94,0
2026-02-14,N,Fairleigh Dickinson,Central Connecticut,57,63,0
2026-02-14,N,Vermont,Bryant,90,63,1
2026-02-14,N,William & Mary,Elon,78,81,0
2026-02-14,N,Central Arkansas,West Georgia,79,62,1
2026-02-14,N,Florida Gulf Coast,Stetson,78,76,1
2026-02-14,N,UTEP,Liberty,64,73,0
2026-02-14,N,Florida International,Louisiana Tech,77,64,1
2026-02-14,N,Iowa State,Kansas,74,56,1
2026-02-14,N,Nebraska,Northwestern,68,49,1
2026-02-14,N,Providence,St. John's,69,79,0
2026-02-14,N,Vanderbilt,Texas A&M,82,69,1
2026-02-14,N,Boston University,Bucknell,82,69,1
2026-02-14,N,New Haven,Long Island University,55,52,1
2026-02-14,N,Le Moyne,Chicago State,81,63,1
2026-02-14,N,New Hampshire,UMBC,63,85,0
2026-02-14,N,VMI,Furman,72,90,0
2026-02-14,N,The Citadel,Mercer,54,70,0
2026-02-14,N,Michigan,UCLA,86,56,1
2026-02-14,N,Duke,Clemson,67,54,1
2026-02-14,N,Rhode Island,Fordham,66,70,0
2026-02-14,N,Oklahoma State,TCU,92,95,0
2026-02-14,N,Notre Dame,Georgia Tech,89,74,1
2026-02-14,N,Boston College,California,75,86,0
2026-02-14,N,Colgate,Navy,80,84,0
2026-02-14,N,East Tennessee State,Samford,72,82,0
2026-02-13,N,North Carolina A&T,Hampton,71,70,1
2026-02-13,N,Boise State,UNLV,83,86,0
2026-02-13,N,Miami (OH),Ohio,90,74,1
2026-02-13,N,Akron,Massachusetts,99,92,1
2026-02-13,N,Loyola Chicago,Saint Louis,59,86,0
2026-02-13,N,Wisconsin,Michigan State,92,71,1
2026-02-13,N,George Washington,George Mason,72,53,1
2026-02-13,N,Princeton,Cornell,65,89,0
2026-02-13,N,Sacred Heart,Saint Peter's,78,71,1
2026-02-13,N,Dartmouth,Yale,70,83,0
2026-02-13,N,Siena,Quinnipiac,62,74,0
2026-02-13,N,Rider,Mount St. Mary's,55,65,0
2026-02-13,N,Canisius,Iona,63,69,0
2026-02-13,N,Harvard,Brown,56,53,1
2026-02-13,N,Pennsylvania,Columbia,76,67,1
2026-02-13,N,Niagara,Manhattan,69,76,0
2026-02-12,N,UC Riverside,UC Santa Barbara,68,76,0
2026-02-12,N,Long Beach State,Cal State Fullerton,82,86,0
2026-02-12,N,Cal Poly,UC Irvine,79,73,1
2026-02-12,N,UC San Diego,UC Davis,68,51,1
2026-02-12,N,Cal State Bakersfield,Hawai'i,74,89,0
2026-02-12,N,Belmont,Northern Iowa,91,86,1
2026-02-12,N,San Francisco,Oregon State,63,90,0
2026-02-12,N,North Texas,Memphis,76,69,1
2026-02-12,N,Denver,South Dakota State,79,61,1
2026-02-12,N,Idaho,Weber State,72,83,0
2026-02-12,N,Eastern Washington,Idaho State,88,75,1
2026-02-12,N,Southern Indiana,Tennessee State,71,73,0
2026-02-12,N,Utah Tech,Utah Valley,81,77,1
2026-02-12,N,Abilene Christian,UT Arlington,67,63,1
2026-02-12,N,Southern Miss,South Alabama,78,84,0
2026-02-12,N,SIU Edwardsville,Southeast Missouri State,74,56,1
2026-02-12,N,Western Illinois,Little Rock,58,77,0
2026-02-12,N,Lindenwood,UT Martin,75,74,1
2026-02-12,N,Southern Utah,California Baptist,66,83,0
2026-02-12,N,Missouri State,Louisiana Tech,78,79,0
2026-02-12,N,Southern Illinois,Evansville,86,60,1
2026-02-12,N,Oral Roberts,Kansas City,69,60,1
2026-02-12,N,Omaha,St. Thomas-Minnesota,98,94,1
2026-02-12,N,Louisiana,Coastal Carolina,65,69,0
2026-02-12,N,Northern Colorado,Sacramento State,95,79,1
2026-02-12,N,Northern Arizona,Portland State,68,77,0
2026-02-12,N,Drake,UIC,70,80,0
2026-02-12,N,Morehead State,Tennessee Tech,73,66,1
2026-02-12,N,Illinois State,Valparaiso,86,64,1
2026-02-12,N,Indiana State,Murray State,72,74,0
2026-02-12,N,Merrimack,Marist,81,56,1
2026-02-12,N,Gardner-Webb,Winthrop,85,103,0
2026-02-12,N,Longwood,UNC Asheville,74,79,0
2026-02-12,N,Charleston Southern,Presbyterian,84,67,1
2026-02-12,N,South Carolina Upstate,High Point,70,95,0
2026-02-12,N,Cleveland State,Robert Morris,68,85,0
2026-02-12,N,Oakland,Youngstown State,82,86,0
2026-02-12,N,Wright State,Detroit Mercy,74,77,0
2026-02-12,N,Green Bay,Purdue Fort Wayne,76,59,1
2026-02-12,N,New Haven,Central Connecticut,76,81,0
2026-02-12,N,Chicago State,Stonehill,68,55,1
2026-02-12,N,Wagner,Long Island University,57,67,0
2026-02-12,N,Le Moyne,Mercyhurst,58,57,1
2026-02-12,N,Fairleigh Dickinson,Saint Francis,66,59,1
2026-02-12,N,Towson,Stony Brook,69,57,1
2026-02-12,N,Charleston,Hofstra,62,66,0
2026-02-12,N,Drexel,Monmouth,73,93,0
2026-02-12,N,Northeastern,William & Mary,67,94,0
2026-02-12,N,UNC Wilmington,Elon,65,54,1
2026-02-12,N,James Madison,Georgia State,81,79,1
2026-02-12,N,Florida International,Delaware,66,68,0
2026-02-12,N,IU Indianapolis,Northern Kentucky,81,84,0
2026-02-12,N,Binghamton,Vermont,65,73,0
2026-02-12,N,Kennesaw State,Middle Tennessee,87,90,0
2026-02-12,N,New Hampshire,NJIT,70,76,0
2026-02-12,N,Maine,UMBC,62,78,0
2026-02-12,N,UMass Lowell,Bryant,88,69,1
2026-02-11,N,Washington,Penn State,60,63,0
2026-02-11,N,Santa Clara,Seattle U,84,72,1
2026-02-11,N,Saint Mary's,Pepperdine,88,60,1
2026-02-11,N,Pacific,Loyola Marymount,65,59,1
2026-02-11,N,Grand Canyon,New Mexico,64,70,0
2026-02-11,N,San Diego,Portland,71,58,1
2026-02-11,N,Kansas State,Cincinnati,62,91,0
2026-02-11,N,DePaul,Creighton,72,71,1
2026-02-11,N,Georgia Tech,Wake Forest,67,83,0
2026-02-11,N,Boston College,Stanford,64,70,0
2026-02-11,N,Mississippi State,Tennessee,64,73,0
2026-02-11,N,Texas A&M,Missouri,85,86,0
2026-02-11,N,New Mexico State,Liberty,75,77,0
2026-02-11,N,Northwestern,Michigan,75,87,0
2026-02-11,N,Texas Tech,Colorado,78,44,1
2026-02-11,N,Rice,Florida Atlantic,81,73,1
2026-02-11,N,Tulsa,UAB,63,68,0
2026-02-11,N,South Dakota,North Dakota,71,72,0
2026-02-11,N,Northern Illinois,Bowling Green,52,68,0
2026-02-11,N,Texas State,Troy,74,62,1
2026-02-11,N,Arkansas State,UL Monroe,103,70,1
2026-02-11,N,Georgia Southern,App State,65,81,0
2026-02-11,N,Lipscomb,Eastern Kentucky,75,61,1
2026-02-11,N,Butler,UConn,70,80,0
2026-02-11,N,Tulane,Temple,77,66,1
2026-02-11,N,Wichita State,South Florida,58,66,0
2026-02-11,N,Seton Hall,Providence,87,80,1
2026-02-11,N,Old Dominion,Marshall,79,81,0
2026-02-11,N,Central Arkansas,Bellarmine,84,76,1
2026-02-11,N,Georgia,Florida,66,86,0
2026-02-11,N,Clemson,Virginia Tech,66,76,0
2026-02-11,N,Lehigh,American University,90,82,1
2026-02-11,N,East Carolina,UTSA,88,72,1
2026-02-11,N,Syracuse,California,107,100,1
2026-02-11,N,Lafayette,Loyola Maryland,54,68,0
2026-02-11,N,Western Michigan,Toledo,79,90,0
2026-02-11,N,Kent State,Eastern Michigan,95,91,1
2026-02-11,N,Ball State,Buffalo,53,63,0
2026-02-11,N,UNC Greensboro,VMI,92,71,1
2026-02-11,N,Samford,Wofford,97,80,1
2026-02-11,N,Mercer,Furman,69,64,1
2026-02-11,N,East Tennessee State,Chattanooga,73,61,1
2026-02-11,N,Ole Miss,Alabama,74,93,0
2026-02-11,N,North Alabama,West Georgia,73,82,0
2026-02-11,N,Florida Gulf Coast,North Florida,90,81,1
2026-02-11,N,Stetson,Jacksonville,67,62,1
2026-02-11,N,Queens University,Austin Peay,87,95,0
2026-02-11,N,Jacksonville State,UTEP,64,69,0
2026-02-11,N,La Salle,VCU,68,77,0
2026-02-11,N,Ohio State,USC,89,82,1
2026-02-11,N,Maryland,Iowa,77,70,1
2026-02-11,N,Holy Cross,Colgate,70,74,0
2026-02-11,N,Army,Boston University,68,85,0
2026-02-11,N,Western Carolina,The Citadel,87,49,1
2026-02-10,N,Gonzaga,Washington State,83,53,1
2026-02-10,N,UNLV,San José State,82,75,1
2026-02-10,N,Utah,Houston,52,66,0
2026-02-10,N,Pittsburgh,Duke,54,70,0
2026-02-10,N,TCU,Iowa State,62,55,1
2026-02-10,N,LSU,Arkansas,62,91,0
2026-02-10,N,Utah State,Fresno State,91,78,1
2026-02-10,N,Arizona State,Oklahoma State,85,76,1
2026-02-10,N,Air Force,Colorado State,74,91,0
2026-02-10,N,Western Illinois,Eastern Illinois,79,70,1
2026-02-10,N,Illinois,Wisconsin,90,92,0
2026-02-10,N,Villanova,Marquette,77,74,1
2026-02-10,N,Nebraska,Purdue,77,80,0
2026-02-10,N,Miami,North Carolina,75,66,1
2026-02-10,N,Florida State,Virginia,58,61,0
2026-02-10,N,Auburn,Vanderbilt,76,84,0
2026-02-10,N,Baylor,BYU,94,99,0
2026-02-10,N,George Washington,Rhode Island,75,70,1
2026-02-10,N,Richmond,George Mason,82,70,1
2026-02-10,N,Saint Joseph's,Fordham,64,68,0
2026-02-10,N,SMU,Notre Dame,89,81,1
2026-02-10,N,IU Indianapolis,Milwaukee,88,92,0
2026-02-09,N,Murray State,Northern Iowa,60,89,0
2026-02-09,N,Kansas,Arizona,82,78,1
2026-02-09,N,Southern,Alabama State,69,68,1
2026-02-09,N,Indiana,Oregon,92,74,1
2026-02-09,N,North Carolina Central,Delaware State,72,63,1
2026-02-09,N,Evansville,Illinois State,88,80,1
2026-02-09,N,Bradley,Belmont,95,84,1
2026-02-09,N,Mississippi Valley State,Alcorn State,66,74,0
2026-02-09,N,Charleston,UNC Wilmington,64,76,0
2026-02-09,N,New Orleans,Texas A&M-Corpus Christi,84,78,1
2026-02-09,N,Drake,Valparaiso,76,81,0
2026-02-09,N,Grambling,Alabama A&M,58,66,0
2026-02-09,N,Nicholls,UT Rio Grande Valley,72,92,0
2026-02-09,N,McNeese,Houston Christian,73,69,1
2026-02-09,N,Stephen F. Austin,East Texas A&M,74,70,1
2026-02-09,N,Louisville,NC State,118,77,1
2026-02-09,N,Davidson,Mid-Atlantic Christian,114,53,1
2026-02-09,N,Indiana State,Southern Illinois,65,80,0
2026-02-09,N,Bethune-Cookman,Texas Southern,79,69,1
2026-02-09,N,Florida A&M,Prairie View A&M,100,96,1
2026-02-09,N,Howard,Yale,81,87,0
2026-02-09,N,SE Louisiana,Incarnate Word,74,62,1
2026-02-09,N,Lamar,Northwestern State,68,70,0
2026-02-09,N,North Alabama,Central Arkansas,65,72,0
2026-02-09,N,St. John's,Xavier,87,82,1
2026-02-09,N,Arkansas-Pine Bluff,Jackson State,84,63,1
2026-02-09,N,Bucknell,Navy,60,76,0
2026-02-09,N,Chicago State,Saint Francis,80,75,1
2026-02-08,N,UAB,Rice,71,65,1
2026-02-08,N,Iowa,Northwestern,76,70,1
2026-02-08,N,Tulane,Wichita State,61,75,0
2026-02-08,N,Memphis,Charlotte,77,54,1
2026-02-08,N,Cincinnati,UCF,92,72,1
2026-02-08,N,Minnesota,Maryland,62,67,0
2026-02-08,N,Ohio State,Michigan,61,82,0
2026-02-08,N,West Virginia,Texas Tech,63,70,0
2026-02-08,N,Furman,UNC Greensboro,64,67,0
2026-02-08,N,South Florida,Tulsa,80,74,1
2026-02-08,N,Penn State,USC,75,77,0
2026-02-07,N,Hawai'i,UC San Diego,72,67,1
2026-02-07,N,Saint Mary's,San Francisco,79,54,1
2026-02-07,N,BYU,Houston,66,77,0
2026-02-07,N,Nevada,Fresno State,69,59,1
2026-02-07,N,UCLA,Washington,77,73,1
2026-02-07,N,New Mexico,Boise State,90,91,0
2026-02-07,N,UC Santa Barbara,UC Irvine,84,79,1
2026-02-07,N,Sacramento State,Portland State,73,74,0
2026-02-07,N,Colorado,Arizona State,78,70,1
2026-02-07,N,Colorado State,San José State,65,57,1
2026-02-07,N,Loyola Marymount,San Diego,83,63,1
2026-02-07,N,Weber State,Northern Arizona,72,53,1
2026-02-07,N,UTEP,New Mexico State,91,88,1
2026-02-07,N,Texas A&M,Florida,67,86,0
2026-02-07,N,Kentucky,Tennessee,74,71,1
2026-02-07,N,Southern Utah,Tarleton State,59,62,0
2026-02-07,N,Michigan State,Illinois,85,82,1
2026-02-07,N,California,Clemson,55,77,0
2026-02-07,N,Wyoming,Utah State,83,85,0
2026-02-07,N,Portland,Seattle U,54,53,1
2026-02-07,N,Pepperdine,Pacific,59,92,0
2026-02-07,N,Stanford,Georgia Tech,95,72,1
2026-02-07,N,Air Force,San Diego State,54,88,0
2026-02-07,N,St. Thomas-Minnesota,Oral Roberts,92,75,1
2026-02-07,N,Montana State,Eastern Washington,71,72,0
2026-02-07,N,California Baptist,Abilene Christian,65,63,1
2026-02-07,N,Jacksonville State,Kennesaw State,77,58,1
2026-02-07,N,Old Dominion,Ohio,78,72,1
2026-02-07,N,High Point,Radford,86,77,1
2026-02-07,N,Rider,Merrimack,47,73,0
2026-02-07,N,Cal State Fullerton,Cal State Bakersfield,82,66,1
2026-02-07,N,Wright State,Purdue Fort Wayne,73,68,1
2026-02-07,N,Iona,Mount St. Mary's,76,83,0
2026-02-07,N,Fairfield,Marist,63,60,1
2026-02-07,N,UAlbany,UMass Lowell,79,89,0
2026-02-07,N,North Carolina,Duke,71,68,1
2026-02-07,N,Arkansas-Pine Bluff,Alcorn State,84,77,1
2026-02-07,N,Mississippi Valley State,Jackson State,81,97,0
2026-02-07,N,Oregon State,Gonzaga,61,81,0
2026-02-07,N,Troy,Akron,79,69,1
2026-02-07,N,Florida A&M,Texas Southern,57,62,0
2026-02-07,N,Washington State,Santa Clara,92,96,0
2026-02-07,N,Southern,Alabama A&M,81,68,1
2026-02-07,N,Creighton,Seton Hall,69,68,1
2026-02-07,N,South Dakota State,South Dakota,67,68,0
2026-02-07,N,Samford,Mercer,69,49,1
2026-02-07,N,Stephen F. Austin,Lamar,84,74,1
2026-02-07,N,New Orleans,UT Rio Grande Valley,76,95,0
2026-02-07,N,East Texas A&M,Northwestern State,52,48,1
2026-02-07,N,Idaho State,Northern Colorado,61,69,0
2026-02-07,N,Montana,Idaho,73,68,1
2026-02-07,N,LSU,Georgia,71,83,0
2026-02-07,N,Grambling,Alabama State,57,47,1
2026-02-07,N,Bethune-Cookman,Prairie View A&M,82,76,1
2026-02-07,N,Coppin State,Delaware State,65,47,1
2026-02-07,N,Bucknell,Colgate,59,78,0
2026-02-07,N,Northern Kentucky,Milwaukee,67,62,1
2026-02-07,N,Dartmouth,Harvard,58,71,0
2026-02-07,N,UC Davis,Cal Poly,67,58,1
2026-02-07,N,McNeese,Incarnate Word,81,64,1
2026-02-07,N,Eastern Kentucky,Stetson,100,88,1
2026-02-07,N,Austin Peay,North Alabama,91,62,1
2026-02-07,N,Lipscomb,Central Arkansas,78,86,0
2026-02-07,N,Morgan State,Maryland Eastern Shore,79,71,1
2026-02-07,N,Southeast Missouri State,Southern Indiana,90,65,1
2026-02-07,N,Howard,South Carolina State,85,57,1
2026-02-07,N,Norfolk State,North Carolina Central,75,68,1
2026-02-07,N,UNLV,Grand Canyon,80,78,1
2026-02-07,N,Youngstown State,Robert Morris,66,72,0
2026-02-07,N,SE Louisiana,Houston Christian,55,47,1
2026-02-07,N,Nicholls,Texas A&M-Corpus Christi,76,83,0
2026-02-07,N,Tennessee State,Western Illinois,83,56,1
2026-02-07,N,Arizona,Oklahoma State,84,47,1
2026-02-07,N,Marshall,Miami (OH),74,90,0
2026-02-07,N,South Alabama,Buffalo,81,69,1
2026-02-07,N,Louisiana,Central Michigan,85,80,1
2026-02-07,N,James Madison,Toledo,73,71,1
2026-02-07,N,George Mason,Saint Joseph's,60,52,1
2026-02-07,N,Cal State Northridge,UC Riverside,88,74,1
2026-02-07,N,Providence,DePaul,90,72,1
2026-02-07,N,Notre Dame,Florida State,79,82,0
2026-02-07,N,Navy,American University,82,73,1
2026-02-07,N,Long Island University,Stonehill,61,54,1
2026-02-07,N,Bryant,Maine,73,67,1
2026-02-07,N,NJIT,Binghamton,73,64,1
2026-02-07,N,Hofstra,Towson,71,49,1
2026-02-07,N,Stony Brook,Northeastern,69,55,1
2026-02-07,N,Wofford,Western Carolina,77,66,1
2026-02-07,N,Auburn,Alabama,92,96,0
2026-02-07,N,Queens University,North Florida,91,72,1
2026-02-07,N,UT Martin,Morehead State,55,61,0
2026-02-07,N,Little Rock,SIU Edwardsville,61,71,0
2026-02-07,N,Tennessee Tech,Eastern Illinois,54,60,0
2026-02-07,N,Utah Valley,UT Arlington,81,60,1
2026-02-07,N,Vanderbilt,Oklahoma,91,92,0
2026-02-07,N,Fairleigh Dickinson,Mercyhurst,55,52,1
2026-02-07,N,Saint Louis,La Salle,82,58,1
2026-02-07,N,Texas State,Western Michigan,77,61,1
2026-02-07,N,Southern Miss,Kent State,66,65,1
2026-02-07,N,UL Monroe,Ball State,68,73,0
2026-02-07,N,Arkansas State,Bowling Green,91,54,1
2026-02-07,N,Western Kentucky,Florida International,80,70,1
2026-02-07,N,Louisiana Tech,Sam Houston,87,78,1
2026-02-07,N,Kansas,Utah,71,59,1
2026-02-07,N,Hampton,William & Mary,77,74,1
2026-02-07,N,Iowa State,Baylor,72,69,1
2026-02-07,N,Georgia State,Northern Illinois,74,75,0
2026-02-07,N,Rhode Island,Richmond,82,77,1
2026-02-07,N,Duquesne,George Washington,88,86,1
2026-02-07,N,Fordham,St. Bonaventure,67,70,0
2026-02-07,N,UTSA,North Texas,58,81,0
2026-02-07,N,TCU,Kansas State,84,82,1
2026-02-07,N,Holy Cross,Lehigh,76,67,1
2026-02-07,N,Winthrop,Longwood,79,74,1
2026-02-07,N,Presbyterian,Gardner-Webb,68,62,1
2026-02-07,N,South Carolina Upstate,Charleston Southern,100,94,1
2026-02-07,N,Marquette,Butler,70,55,1
2026-02-07,N,Pittsburgh,SMU,67,86,0
2026-02-07,N,Boston College,Miami,68,74,0
2026-02-07,N,Columbia,Cornell,67,88,0
2026-02-07,N,North Dakota,Denver,79,98,0
2026-02-07,N,North Dakota State,Omaha,92,84,1
2026-02-07,N,IU Indianapolis,Cleveland State,82,74,1
2026-02-07,N,Green Bay,Detroit Mercy,76,63,1
2026-02-07,N,Saint Peter's,Siena,70,65,1
2026-02-07,N,Quinnipiac,Niagara,56,55,1
2026-02-07,N,Manhattan,Sacred Heart,80,68,1
2026-02-07,N,Pennsylvania,Princeton,61,60,1
2026-02-07,N,North Carolina A&T,Campbell,71,79,0
2026-02-07,N,Chattanooga,The Citadel,71,78,0
2026-02-07,N,Texas,Ole Miss,79,68,1
2026-02-07,N,West Georgia,Jacksonville,87,73,1
2026-02-07,N,Bellarmine,Florida Gulf Coast,81,65,1
2026-02-07,N,Liberty,Missouri State,79,76,1
2026-02-07,N,Vermont,New Hampshire,80,57,1
2026-02-07,N,Purdue,Oregon,68,64,1
2026-02-07,N,Coastal Carolina,Massachusetts,94,91,1
2026-02-07,N,App State,Eastern Michigan,65,60,1
2026-02-07,N,New Haven,Chicago State,57,63,0
2026-02-07,N,Boston University,Loyola Maryland,78,69,1
2026-02-07,N,Central Connecticut,Wagner,84,67,1
2026-02-07,N,Le Moyne,Saint Francis,86,84,1
2026-02-07,N,VMI,East Tennessee State,70,87,0
2026-02-07,N,South Carolina,Missouri,59,78,0
2026-02-07,N,Delaware,Middle Tennessee,89,88,1
2026-02-07,N,Rutgers,Nebraska,68,80,0
2026-02-07,N,Virginia,Syracuse,72,59,1
2026-02-07,N,Mississippi State,Arkansas,68,88,0
2026-02-07,N,Wake Forest,Louisville,80,88,0
2026-02-07,N,East Carolina,Temple,73,81,0
2026-02-07,N,Army,Lafayette,60,63,0
2026-02-07,N,Indiana,Wisconsin,78,77,1
2026-02-07,N,Georgetown,Villanova,73,80,0
2026-02-07,N,NC State,Virginia Tech,82,73,1
2026-02-07,N,Elon,Drexel,77,82,0
2026-02-06,N,UIC,Belmont,62,68,0
2026-02-06,N,St. John's,UConn,81,72,1
2026-02-06,N,Valparaiso,Evansville,70,63,1
2026-02-06,N,Southern Illinois,Murray State,81,91,0
2026-02-06,N,Illinois State,Drake,86,76,1
2026-02-06,N,Northern Iowa,Bradley,61,49,1
2026-02-06,N,VCU,Dayton,99,73,1
2026-02-06,N,Yale,Brown,81,69,1
2026-02-06,N,Davidson,Loyola Chicago,84,64,1
2026-02-05,N,Cal State Fullerton,UC Riverside,78,72,1
2026-02-05,N,Cal Poly,Cal State Northridge,96,97,0
2026-02-05,N,UC Irvine,Cal State Bakersfield,78,62,1
2026-02-05,N,UC San Diego,Long Beach State,77,74,1
2026-02-05,N,California Baptist,Tarleton State,56,55,1
2026-02-05,N,UAB,Memphis,80,90,0
2026-02-05,N,UC Davis,UC Santa Barbara,85,75,1
2026-02-05,N,Weber State,Northern Colorado,74,88,0
2026-02-05,N,Idaho State,Northern Arizona,73,79,0
2026-02-05,N,Montana State,Idaho,73,66,1
2026-02-05,N,Montana,Eastern Washington,74,82,0
2026-02-05,N,Utah Tech,UT Arlington,87,84,1
2026-02-05,N,Western Kentucky,Jacksonville State,66,71,0
2026-02-05,N,Maryland,Ohio State,62,82,0
2026-02-05,N,Tennessee Tech,Western Illinois,97,72,1
2026-02-05,N,UT Martin,Southern Indiana,76,54,1
2026-02-05,N,Southeast Missouri State,Morehead State,82,70,1
2026-02-05,N,Tennessee State,Eastern Illinois,77,68,1
2026-02-05,N,Little Rock,Lindenwood,74,79,0
2026-02-05,N,North Dakota State,Denver,71,78,0
2026-02-05,N,North Dakota,Omaha,76,73,1
2026-02-05,N,Samford,The Citadel,78,64,1
2026-02-05,N,Utah Valley,Abilene Christian,68,55,1
2026-02-05,N,Cincinnati,West Virginia,54,59,0
2026-02-05,N,Sacred Heart,Fairfield,87,92,0
2026-02-05,N,Siena,Iona,79,72,1
2026-02-05,N,Mount St. Mary's,Merrimack,70,87,0
2026-02-05,N,Quinnipiac,Canisius,75,60,1
2026-02-05,N,Marist,Rider,81,52,1
2026-02-05,N,Manhattan,Saint Peter's,75,80,0
2026-02-05,N,Central Connecticut,Chicago State,78,67,1
2026-02-05,N,Mercyhurst,Saint Francis,98,89,1
2026-02-05,N,Long Island University,New Haven,60,55,1
2026-02-05,N,Wagner,Le Moyne,79,78,1
2026-02-05,N,Fairleigh Dickinson,Stonehill,74,58,1
2026-02-05,N,NJIT,UMass Lowell,81,56,1
2026-02-05,N,Hofstra,Northeastern,80,63,1
2026-02-05,N,Stony Brook,Monmouth,75,76,0
2026-02-05,N,Campbell,Drexel,81,60,1
2026-02-05,N,UNC Wilmington,William & Mary,78,85,0
2026-02-05,N,Charleston,North Carolina A&T,78,62,1
2026-02-05,N,Hampton,Elon,87,79,1
2026-02-05,N,Chattanooga,Mercer,79,75,1
2026-02-05,N,Bellarmine,Stetson,92,71,1
2026-02-05,N,West Georgia,North Florida,73,81,0
2026-02-05,N,Queens University,Jacksonville,93,84,1
2026-02-05,N,Eastern Kentucky,Florida Gulf Coast,76,74,1
2026-02-05,N,Michigan,Penn State,110,69,1
2026-02-05,N,Maine,Vermont,76,70,1
2026-02-05,N,UMBC,Binghamton,79,62,1
2026-02-05,N,Bryant,UAlbany,63,65,0
2026-02-04,N,New Mexico,Utah State,66,86,0
2026-02-04,N,Oregon State,Washington State,74,64,1
2026-02-04,N,Washington,Iowa,74,84,0
2026-02-04,N,Portland,Gonzaga,87,80,1
2026-02-04,N,Stanford,Clemson,64,66,0
2026-02-04,N,Pacific,Santa Clara,56,71,0
2026-02-04,N,Saint Mary's,San Diego,87,60,1
2026-02-04,N,Seattle U,Pepperdine,83,81,1
2026-02-04,N,San Francisco,Loyola Marymount,75,84,0
2026-02-04,N,Illinois,Northwestern,84,44,1
2026-02-04,N,Oklahoma State,BYU,99,92,1
2026-02-04,N,Utah,Arizona State,63,71,0
2026-02-04,N,Kentucky,Oklahoma,94,78,1
2026-02-04,N,Austin Peay,Lipscomb,87,76,1
2026-02-04,N,Rice,North Texas,86,83,1
2026-02-04,N,Baylor,Colorado,86,67,1
2026-02-04,N,South Carolina State,Maryland Eastern Shore,63,54,1
2026-02-04,N,California,Georgia Tech,90,85,1
2026-02-04,N,Kansas City,South Dakota,75,82,0
2026-02-04,N,Milwaukee,Detroit Mercy,63,76,0
2026-02-04,N,Northwestern State,East Texas A&M,68,74,0
2026-02-04,N,Wichita State,Charlotte,74,64,1
2026-02-04,N,Grambling,Arkansas-Pine Bluff,64,67,0
2026-02-04,N,Georgetown,Creighton,76,68,1
2026-02-04,N,Central Arkansas,North Alabama,81,60,1
2026-02-04,N,Middle Tennessee,Florida International,84,88,0
2026-02-04,N,Sam Houston,UTEP,70,66,1
2026-02-04,N,Louisiana Tech,New Mexico State,63,72,0
2026-02-04,N,Houston,UCF,79,55,1
2026-02-04,N,Minnesota,Michigan State,76,73,1
2026-02-04,N,Louisville,Notre Dame,76,65,1
2026-02-04,N,American University,Bucknell,59,60,0
2026-02-04,N,Saint Joseph's,George Washington,76,73,1
2026-02-04,N,George Mason,Duquesne,65,71,0
2026-02-04,N,South Florida,UTSA,109,88,1
2026-02-04,N,Florida Atlantic,Tulsa,76,78,0
2026-02-04,N,Colgate,Army,69,55,1
2026-02-04,N,Radford,Winthrop,78,80,0
2026-02-04,N,Gardner-Webb,Longwood,66,86,0
2026-02-04,N,High Point,Charleston Southern,80,55,1
2026-02-04,N,Providence,Butler,97,87,1
2026-02-04,N,Loyola Maryland,Lehigh,89,84,1
2026-02-04,N,Lafayette,Navy,50,65,0
2026-02-04,N,South Dakota State,St. Thomas-Minnesota,62,77,0
2026-02-04,N,Purdue Fort Wayne,Youngstown State,61,90,0
2026-02-04,N,Cleveland State,Oakland,91,78,1
2026-02-04,N,Robert Morris,Wright State,72,66,1
2026-02-04,N,Northern Kentucky,Green Bay,84,87,0
2026-02-04,N,East Tennessee State,Furman,75,71,1
2026-02-04,N,Old Dominion,UL Monroe,79,85,0
2026-02-04,N,Marshall,Southern Miss,81,77,1
2026-02-04,N,James Madison,Louisiana,61,64,0
2026-02-04,N,Georgia State,Troy,63,74,0
2026-02-04,N,Georgia Southern,Texas State,71,77,0
2026-02-04,N,Coastal Carolina,Arkansas State,66,70,0
2026-02-04,N,Alabama,Texas A&M,100,97,1
2026-02-04,N,Delaware,Liberty,69,75,0
2026-02-04,N,UNC Asheville,South Carolina Upstate,76,67,1
2026-02-04,N,Villanova,Seton Hall,72,60,1
2026-02-04,N,App State,South Alabama,65,57,1
2026-02-04,N,VMI,Wofford,67,81,0
2026-02-04,N,UNC Greensboro,Western Carolina,81,78,1
2026-02-03,N,Fresno State,UNLV,98,96,1
2026-02-03,N,San Diego State,Wyoming,72,63,1
2026-02-03,N,USC,Indiana,81,75,1
2026-02-03,N,UCLA,Rutgers,98,66,1
2026-02-03,N,Virginia,Pittsburgh,67,47,1
2026-02-03,N,Davidson,Saint Louis,82,91,0
2026-02-03,N,Belmont,Drake,103,90,1
2026-02-03,N,Boise State,Nevada,91,87,1
2026-02-03,N,SMU,NC State,83,84,0
2026-02-03,N,Grand Canyon,Air Force,81,57,1
2026-02-03,N,Lindenwood,SIU Edwardsville,72,78,0
2026-02-03,N,UT Martin,Little Rock,55,52,1
2026-02-03,N,DePaul,St. John's,56,68,0
2026-02-03,N,Evansville,Indiana State,63,84,0
2026-02-03,N,Murray State,UIC,81,74,1
2026-02-03,N,Bradley,Valparaiso,72,65,1
2026-02-03,N,Loyola Chicago,La Salle,71,61,1
2026-02-03,N,UConn,Xavier,92,60,1
2026-02-03,N,Duke,Boston College,67,49,1
2026-02-03,N,Tennessee,Ole Miss,84,66,1
2026-02-03,N,Illinois State,Southern Illinois,50,54,0
2026-02-03,N,Fordham,VCU,59,63,0
2026-02-03,N,Dayton,St. Bonaventure,72,70,1
2026-02-03,N,Ohio,Western Michigan,91,71,1
2026-02-03,N,Toledo,Kent State,72,75,0
2026-02-03,N,Massachusetts,Central Michigan,95,89,1
2026-02-03,N,Bowling Green,Ball State,77,52,1
2026-02-03,N,Texas,South Carolina,84,75,1
2026-02-03,N,Buffalo,Miami (OH),71,73,0
2026-02-03,N,Eastern Michigan,Akron,64,66,0
2026-02-03,N,Niagara,Canisius,65,56,1
2026-02-02,N,Sacramento State,Weber State,104,90,1
2026-02-02,N,Portland State,Idaho State,88,65,1
2026-02-02,N,Texas Tech,Kansas,61,64,0
2026-02-02,N,Texas A&M-Corpus Christi,Incarnate Word,69,71,0
2026-02-02,N,Tennessee State,Tennessee Tech,85,90,0
2026-02-02,N,Alcorn State,Grambling,50,74,0
2026-02-02,N,Alabama A&M,Bethune-Cookman,62,80,0
2026-02-02,N,Jackson State,Southern,91,96,0
2026-02-02,N,UT Rio Grande Valley,Houston Christian,74,57,1
2026-02-02,N,Northwestern State,Nicholls,58,61,0
2026-02-02,N,Stephen F. Austin,McNeese,67,60,1
2026-02-02,N,East Texas A&M,New Orleans,85,94,0
2026-02-02,N,North Carolina,Syracuse,87,77,1
2026-02-02,N,Alabama State,Florida A&M,79,66,1
2026-02-02,N,Holy Cross,Boston University,64,72,0
2026-02-02,N,Lamar,SE Louisiana,73,54,1
2026-02-02,N,Coppin State,Howard,53,72,0
2026-02-02,N,North Carolina Central,Maryland Eastern Shore,65,63,1
2026-02-01,N,Oregon,Iowa,66,84,0
2026-02-01,N,Wofford,East Tennessee State,72,86,0
2026-02-01,N,Nebraska,Illinois,69,78,0
2026-02-01,N,Memphis,Tulane,76,78,0
2026-02-01,N,Milwaukee,Cleveland State,88,90,0
2026-02-01,N,Oakland,Northern Kentucky,76,65,1
2026-02-01,N,Kansas State,Iowa State,61,95,0
2026-02-01,N,St. Thomas-Minnesota,Kansas City,99,64,1
2026-02-01,N,Tulsa,Wichita State,93,83,1
2026-02-01,N,Florida Atlantic,East Carolina,75,76,0
2026-02-01,N,Colorado,TCU,87,61,1
2026-02-01,N,Penn State,Minnesota,77,75,1
2026-02-01,N,Rider,Saint Peter's,81,78,1
2026-02-01,N,Fairfield,Quinnipiac,65,72,0
2026-02-01,N,Green Bay,Wright State,75,83,0
2026-02-01,N,Niagara,Marist,46,58,0
2026-02-01,N,Mount St. Mary's,Manhattan,72,65,1
2026-02-01,N,UL Monroe,Coastal Carolina,79,83,0
2026-02-01,N,Maryland,Purdue,63,93,0
2026-02-01,N,Florida,Alabama,100,77,1
2026-02-01,N,Merrimack,Sacred Heart,75,58,1
2026-02-01,N,Canisius,Siena,63,78,0
2026-02-01,N,Western Carolina,Samford,74,88,0
2026-02-01,N,Furman,Chattanooga,75,70,1
2026-02-01,N,Duquesne,Rhode Island,76,61,1
2026-01-31,N,Gonzaga,Saint Mary's,73,65,1
2026-01-31,N,Sam Houston,Louisiana Tech,83,67,1
2026-01-31,N,San José State,New Mexico,80,90,0
2026-01-31,N,San Francisco,Pacific,87,82,1
2026-01-31,N,Sacramento State,Montana,86,79,1
2026-01-31,N,Wyoming,Colorado State,68,57,1
2026-01-31,N,Loyola Marymount,Santa Clara,73,104,0
2026-01-31,N,UC Santa Barbara,Cal State Fullerton,83,69,1
2026-01-31,N,UTEP,Delaware,70,55,1
2026-01-31,N,Tennessee,Auburn,77,69,1
2026-01-31,N,Southern Indiana,SIU Edwardsville,46,58,0
2026-01-31,N,Temple,South Florida,79,78,1
2026-01-31,N,Creighton,UConn,58,85,0
2026-01-31,N,Belmont,Murray State,103,86,1
2026-01-31,N,North Texas,UAB,68,72,0
2026-01-31,N,Northwestern,Washington,62,76,0
2026-01-31,N,UC Riverside,Cal Poly,87,94,0
2026-01-31,N,Cal State Northridge,UC San Diego,81,64,1
2026-01-31,N,South Alabama,Georgia State,69,67,1
2026-01-31,N,Northern Arizona,Idaho,62,79,0
2026-01-31,N,Southern Illinois,UIC,66,68,0
2026-01-31,N,USC,Rutgers,78,75,1
2026-01-31,N,Central Michigan,Bowling Green,62,59,1
2026-01-31,N,Yale,Harvard,65,67,0
2026-01-31,N,Saint Francis,New Haven,69,81,0
2026-01-31,N,UAlbany,UMBC,65,68,0
2026-01-31,N,Lamar,McNeese,63,64,0
2026-01-31,N,Arkansas,Kentucky,77,85,0
2026-01-31,N,St. Bonaventure,George Mason,73,77,0
2026-01-31,N,Utah,Oklahoma State,69,81,0
2026-01-31,N,Florida State,Stanford,88,80,1
2026-01-31,N,Vanderbilt,Ole Miss,71,68,1
2026-01-31,N,Drake,Bradley,73,87,0
2026-01-31,N,Washington State,Portland,104,74,1
2026-01-31,N,San Diego,Oregon State,76,78,0
2026-01-31,N,Syracuse,Notre Dame,86,72,1
2026-01-31,N,Brown,Dartmouth,70,77,0
2026-01-31,N,Columbia,Princeton,68,80,0
2026-01-31,N,South Dakota,North Dakota State,84,89,0
2026-01-31,N,Massachusetts,Eastern Michigan,70,67,1
2026-01-31,N,Cornell,Pennsylvania,81,91,0
2026-01-31,N,Stephen F. Austin,SE Louisiana,85,58,1
2026-01-31,N,New Orleans,Northwestern State,75,64,1
2026-01-31,N,East Texas A&M,Nicholls,68,72,0
2026-01-31,N,Alabama A&M,Florida A&M,72,65,1
2026-01-31,N,Prairie View A&M,Texas Southern,85,78,1
2026-01-31,N,UCLA,Indiana,97,98,0
2026-01-31,N,Cal State Bakersfield,UC Davis,72,80,0
2026-01-31,N,Incarnate Word,UT Rio Grande Valley,93,106,0
2026-01-31,N,Portland State,Montana State,63,54,1
2026-01-31,N,Tarleton State,Utah Tech,59,65,0
2026-01-31,N,Kennesaw State,New Mexico State,76,53,1
2026-01-31,N,Delaware State,Maryland Eastern Shore,65,57,1
2026-01-31,N,Alcorn State,Southern,78,73,1
2026-01-31,N,Kansas,BYU,90,82,1
2026-01-31,N,Richmond,Davidson,54,79,0
2026-01-31,N,Coppin State,Morgan State,80,89,0
2026-01-31,N,Texas A&M-Corpus Christi,Houston Christian,73,71,1
2026-01-31,N,Vermont,NJIT,77,79,0
2026-01-31,N,Troy,App State,44,66,0
2026-01-31,N,Central Arkansas,Eastern Kentucky,90,81,1
2026-01-31,N,West Georgia,Austin Peay,78,81,0
2026-01-31,N,Western Illinois,UT Martin,44,84,0
2026-01-31,N,Eastern Illinois,Southeast Missouri State,59,77,0
2026-01-31,N,Tennessee Tech,Little Rock,87,77,1
2026-01-31,N,Northern Iowa,Evansville,71,55,1
2026-01-31,N,Howard,Norfolk State,88,60,1
2026-01-31,N,West Virginia,Baylor,53,63,0
2026-01-31,N,Mississippi Valley State,Arkansas-Pine Bluff,70,78,0
2026-01-31,N,Jackson State,Grambling,66,69,0
2026-01-31,N,Miami,California,85,86,0
2026-01-31,N,Navy,Loyola Maryland,87,71,1
2026-01-31,N,Denver,Omaha,82,84,0
2026-01-31,N,Bryant,New Hampshire,92,84,1
2026-01-31,N,Long Beach State,Hawai'i,82,89,0
2026-01-31,N,Louisiana,Georgia Southern,69,60,1
2026-01-31,N,Northern Colorado,Eastern Washington,74,71,1
2026-01-31,N,Abilene Christian,Southern Utah,76,79,0
2026-01-31,N,Middle Tennessee,Western Kentucky,60,65,0
2026-01-31,N,Miami (OH),Northern Illinois,85,61,1
2026-01-31,N,Alabama State,Bethune-Cookman,54,69,0
2026-01-31,N,Missouri,Mississippi State,84,79,1
2026-01-31,N,Morehead State,Lindenwood,78,79,0
2026-01-31,N,Longwood,High Point,59,71,0
2026-01-31,N,Air Force,Fresno State,62,79,0
2026-01-31,N,South Dakota State,Oral Roberts,95,72,1
2026-01-31,N,Arkansas State,Marshall,61,70,0
2026-01-31,N,Southern Miss,James Madison,73,65,1
2026-01-31,N,Weber State,Idaho State,81,79,1
2026-01-31,N,Jacksonville,Florida Gulf Coast,49,68,0
2026-01-31,N,UT Arlington,California Baptist,77,87,0
2026-01-31,N,Missouri State,Jacksonville State,74,67,1
2026-01-31,N,La Salle,Saint Joseph's,58,67,0
2026-01-31,N,Arizona State,Arizona,74,87,0
2026-01-31,N,Georgia Tech,North Carolina,75,91,0
2026-01-31,N,Louisville,SMU,88,74,1
2026-01-31,N,Lehigh,Colgate,77,76,1
2026-01-31,N,American University,Lafayette,65,67,0
2026-01-31,N,George Washington,Fordham,65,79,0
2026-01-31,N,Wisconsin,Ohio State,92,82,1
2026-01-31,N,Bucknell,Boston University,103,97,1
2026-01-31,N,Presbyterian,Radford,84,93,0
2026-01-31,N,Chicago State,Mercyhurst,78,74,1
2026-01-31,N,Buffalo,Ohio,83,95,0
2026-01-31,N,Central Connecticut,Long Island University,59,80,0
2026-01-31,N,UMass Lowell,Maine,91,77,1
2026-01-31,N,Northeastern,Charleston,84,89,0
2026-01-31,N,Drexel,North Carolina A&T,61,60,1
2026-01-31,N,Towson,Hampton,82,50,1
2026-01-31,N,Monmouth,Hofstra,57,73,0
2026-01-31,N,Mercer,VMI,95,81,1
2026-01-31,N,Texas State,Old Dominion,81,64,1
2026-01-31,N,Oklahoma,Texas,69,79,0
2026-01-31,N,Bellarmine,Queens University,78,75,1
2026-01-31,N,Stetson,North Alabama,66,68,0
2026-01-31,N,North Florida,Lipscomb,94,100,0
2026-01-31,N,Boston College,Virginia,66,73,0
2026-01-31,N,Indiana State,Valparaiso,72,76,0
2026-01-31,N,Army,Holy Cross,69,68,1
2026-01-31,N,Utah State,San Diego State,71,66,1
2026-01-31,N,Xavier,DePaul,68,66,1
2026-01-31,N,Purdue Fort Wayne,Robert Morris,83,71,1
2026-01-31,N,Le Moyne,Stonehill,54,65,0
2026-01-31,N,Wagner,Fairleigh Dickinson,75,72,1
2026-01-31,N,South Carolina,LSU,87,92,0
2026-01-31,N,Georgia,Texas A&M,77,92,0
2026-01-31,N,Virginia Tech,Duke,58,72,0
2026-01-31,N,Houston,Cincinnati,76,54,1
2026-01-31,N,UCF,Texas Tech,88,80,1
2026-01-31,N,Clemson,Pittsburgh,63,52,1
2026-01-31,N,Winthrop,UNC Asheville,84,71,1
2026-01-31,N,Seton Hall,Marquette,69,64,1
2026-01-31,N,Butler,Georgetown,64,77,0
2026-01-31,N,Wake Forest,NC State,78,96,0
2026-01-31,N,Toledo,Ball State,73,55,1
2026-01-31,N,William & Mary,Campbell,96,104,0
2026-01-31,N,Elon,Stony Brook,68,72,0
2026-01-31,N,The Citadel,UNC Greensboro,71,66,1
2026-01-30,N,Nevada,UNLV,89,76,1
2026-01-30,N,VCU,Loyola Chicago,89,75,1
2026-01-30,N,Grand Canyon,Boise State,86,69,1
2026-01-30,N,Michigan State,Michigan,71,83,0
2026-01-30,N,Saint Louis,Dayton,102,71,1
2026-01-30,N,Milwaukee,Wright State,69,76,0
2026-01-30,N,Saint Peter's,Mount St. Mary's,66,58,1
2026-01-30,N,Charlotte,Rice,80,70,1
2026-01-30,N,Iona,Fairfield,70,71,0
2026-01-30,N,Villanova,Providence,87,73,1
2026-01-30,N,Quinnipiac,Sacred Heart,91,98,0
2026-01-30,N,Yale,Dartmouth,83,68,1
2026-01-30,N,Green Bay,Cleveland State,82,89,0
2026-01-30,N,Detroit Mercy,Northern Kentucky,90,77,1
2026-01-30,N,Canisius,Marist,86,88,0
2026-01-30,N,Manhattan,Rider,95,90,1
2026-01-30,N,Brown,Harvard,59,69,0
2026-01-30,N,Columbia,Pennsylvania,72,67,1
2026-01-30,N,Youngstown State,IU Indianapolis,85,76,1
2026-01-30,N,Niagara,Siena,79,82,0
2026-01-30,N,Cornell,Princeton,87,64,1
2026-01-30,N,Akron,Kent State,69,52,1
2026-01-30,N,UL Monroe,Georgia Southern,76,79,0
2026-01-29,N,UC Irvine,Hawai'i,87,76,1
2026-01-29,N,UC Riverside,Long Beach State,71,61,1
2026-01-29,N,Cal State Northridge,UC Davis,94,78,1
2026-01-29,N,UC San Diego,UC Santa Barbara,48,62,0
2026-01-29,N,Sacramento State,Montana State,83,80,1
2026-01-29,N,Portland State,Montana,60,64,0
2026-01-29,N,Cal State Bakersfield,Cal Poly,79,104,0
2026-01-29,N,Illinois,Washington,75,66,1
2026-01-29,N,High Point,Presbyterian,84,81,1
2026-01-29,N,Towson,UNC Wilmington,73,82,0
2026-01-29,N,Northern Colorado,Idaho,91,83,1
2026-01-29,N,Southern Indiana,Lindenwood,60,73,0
2026-01-29,N,Eastern Illinois,UT Martin,68,76,0
2026-01-29,N,Western Illinois,Southeast Missouri State,74,78,0
2026-01-29,N,Tennessee State,Little Rock,70,63,1
2026-01-29,N,Memphis,Florida Atlantic,92,65,1
2026-01-29,N,Northwestern,Penn State,94,73,1
2026-01-29,N,South Dakota,Oral Roberts,77,69,1
2026-01-29,N,St. Thomas-Minnesota,North Dakota,80,81,0
2026-01-29,N,Louisiana,Georgia State,82,72,1
2026-01-29,N,South Alabama,Coastal Carolina,53,48,1
2026-01-29,N,Southern Miss,App State,63,70,0
2026-01-29,N,Northern Arizona,Eastern Washington,92,86,1
2026-01-29,N,UT Arlington,Southern Utah,80,61,1
2026-01-29,N,Tarleton State,Utah Valley,55,83,0
2026-01-29,N,Abilene Christian,Utah Tech,70,76,0
2026-01-29,N,Wagner,Central Connecticut,55,62,0
2026-01-29,N,Morehead State,SIU Edwardsville,67,65,1
2026-01-29,N,Iowa State,Colorado,97,67,1
2026-01-29,N,Charleston Southern,Radford,75,84,0
2026-01-29,N,South Carolina Upstate,Longwood,65,60,1
2026-01-29,N,Mercyhurst,New Haven,70,51,1
2026-01-29,N,Long Island University,Le Moyne,83,61,1
2026-01-29,N,Stonehill,Fairleigh Dickinson,58,57,1
2026-01-29,N,Vermont,UMBC,64,55,1
2026-01-29,N,Campbell,Stony Brook,69,81,0
2026-01-29,N,Elon,William & Mary,79,76,1
2026-01-29,N,Drexel,Hampton,58,51,1
2026-01-29,N,Monmouth,North Carolina A&T,83,81,1
2026-01-29,N,Hofstra,Charleston,64,66,0
2026-01-29,N,The Citadel,VMI,80,56,1
2026-01-29,N,Mercer,UNC Greensboro,95,77,1
2026-01-29,N,East Tennessee State,Western Carolina,88,90,0
2026-01-29,N,Troy,James Madison,64,73,0
2026-01-29,N,North Florida,Stetson,77,84,0
2026-01-29,N,Florida Gulf Coast,North Alabama,72,64,1
2026-01-29,N,Jacksonville,Lipscomb,70,65,1
2026-01-29,N,Middle Tennessee,Liberty,65,81,0
2026-01-29,N,UNC Asheville,Gardner-Webb,69,50,1
2026-01-29,N,UAlbany,NJIT,68,77,0
2026-01-29,N,New Hampshire,UMass Lowell,66,61,1
2026-01-29,N,Binghamton,Bryant,63,60,1
2026-01-29,N,Chattanooga,Wofford,55,81,0
2026-01-29,N,Furman,Samford,78,73,1
2026-01-28,N,Santa Clara,San Francisco,88,73,1
2026-01-28,N,Oregon,UCLA,57,73,0
2026-01-28,N,San Diego State,Colorado State,73,50,1
2026-01-28,N,Pacific,Portland,74,51,1
2026-01-28,N,Loyola Marymount,Oregon State,69,72,0
2026-01-28,N,Washington State,Seattle U,70,58,1
2026-01-28,N,TCU,Houston,70,79,0
2026-01-28,N,South Carolina,Florida,48,95,0
2026-01-28,N,Utah State,Wyoming,94,62,1
2026-01-28,N,Murray State,Illinois State,65,70,0
2026-01-28,N,Pepperdine,San Diego,88,92,0
2026-01-28,N,Tulane,South Florida,83,97,0
2026-01-28,N,Wisconsin,Minnesota,67,63,1
2026-01-28,N,Miami,Stanford,79,70,1
2026-01-28,N,New Mexico State,Delaware,64,73,0
2026-01-28,N,UTEP,Louisiana Tech,59,69,0
2026-01-28,N,Georgetown,DePaul,70,61,1
2026-01-28,N,Valparaiso,Belmont,77,78,0
2026-01-28,N,Tulsa,North Texas,82,66,1
2026-01-28,N,UTSA,UAB,73,83,0
2026-01-28,N,Kansas City,Denver,61,69,0
2026-01-28,N,Omaha,South Dakota State,80,71,1
2026-01-28,N,Texas State,Marshall,72,68,1
2026-01-28,N,Arkansas State,Old Dominion,71,75,0
2026-01-28,N,Missouri State,Sam Houston,71,80,0
2026-01-28,N,Drake,Evansville,82,78,1
2026-01-28,N,Seton Hall,Xavier,86,68,1
2026-01-28,N,St. John's,Butler,92,70,1
2026-01-28,N,Southern Illinois,Northern Iowa,65,50,1
2026-01-28,N,Lafayette,Bucknell,81,79,1
2026-01-28,N,Fordham,La Salle,64,58,1
2026-01-28,N,Duquesne,St. Bonaventure,79,87,0
2026-01-28,N,George Mason,Davidson,60,52,1
2026-01-28,N,East Carolina,Rice,77,83,0
2026-01-28,N,Temple,Charlotte,76,80,0
2026-01-28,N,Iowa,USC,73,72,1
2026-01-28,N,Colgate,Holy Cross,79,74,1
2026-01-28,N,Florida State,California,63,61,1
2026-01-28,N,Loyola Maryland,American University,77,68,1
2026-01-28,N,Boston University,Navy,50,58,0
2026-01-28,N,Purdue Fort Wayne,Oakland,65,74,0
2026-01-28,N,Robert Morris,IU Indianapolis,74,58,1
2026-01-28,N,LSU,Mississippi State,66,80,0
2026-01-28,N,Georgia,Tennessee,85,86,0
2026-01-28,N,Auburn,Texas,88,82,1
2026-01-28,N,Bellarmine,West Georgia,77,74,1
2026-01-28,N,Queens University,Central Arkansas,90,100,0
2026-01-28,N,Eastern Kentucky,Austin Peay,82,90,0
2026-01-28,N,Florida International,Jacksonville State,74,78,0
2026-01-28,N,Kennesaw State,Western Kentucky,72,69,1
2026-01-28,N,Cincinnati,Baylor,67,57,1
2026-01-28,N,Army,Lehigh,67,64,1
2026-01-28,N,Southern,Mississippi Valley State,80,69,1
2026-01-27,N,UNLV,New Mexico,61,89,0
2026-01-27,N,Nevada,Grand Canyon,66,60,1
2026-01-27,N,San José State,Boise State,58,89,0
2026-01-27,N,Marquette,Creighton,86,62,1
2026-01-27,N,Indiana,Purdue,72,67,1
2026-01-27,N,Vanderbilt,Kentucky,80,55,1
2026-01-27,N,Miami (OH),Massachusetts,86,84,1
2026-01-27,N,Loyola Chicago,Saint Joseph's,64,85,0
2026-01-27,N,West Virginia,Kansas State,59,54,1
2026-01-27,N,Saint Louis,George Washington,79,76,1
2026-01-27,N,Alabama,Missouri,90,64,1
2026-01-27,N,UIC,Indiana State,76,74,1
2026-01-27,N,Virginia Tech,Georgia Tech,71,65,1
2026-01-27,N,Houston Christian,Incarnate Word,81,75,1
2026-01-27,N,Northern Illinois,Western Michigan,85,65,1
2026-01-27,N,UConn,Providence,87,81,1
2026-01-27,N,Michigan,Nebraska,75,72,1
2026-01-27,N,Oklahoma,Arkansas,79,83,0
2026-01-27,N,Notre Dame,Virginia,97,100,0
2026-01-27,N,Lamar,East Texas A&M,82,61,1
2026-01-27,N,VCU,Richmond,77,69,1
2026-01-27,N,Dayton,Rhode Island,76,81,0
2026-01-27,N,UCF,Arizona State,79,76,1
2026-01-27,N,NC State,Syracuse,88,68,1
2026-01-27,N,Akron,Toledo,91,81,1
2026-01-27,N,Kent State,Ohio,72,57,1
2026-01-27,N,Central Michigan,Eastern Michigan,100,65,1
2026-01-27,N,Bowling Green,Buffalo,78,89,0
2026-01-27,N,SE Louisiana,McNeese,66,76,0
2026-01-27,N,Rutgers,Michigan State,79,88,0
2026-01-27,N,Pittsburgh,Wake Forest,80,76,1
2026-01-27,N,Nicholls,New Orleans,62,80,0
2026-01-27,N,Stephen F. Austin,Northwestern State,69,67,1
2026-01-27,N,Prairie View A&M,Alabama A&M,60,80,0
2026-01-27,N,Texas Southern,Alabama State,96,64,1
2026-01-26,N,BYU,Arizona,83,86,0
2026-01-26,N,Texas A&M-Corpus Christi,UT Rio Grande Valley,55,64,0
2026-01-26,N,Duke,Louisville,83,52,1
2026-01-26,N,Norfolk State,Morgan State,78,79,0
2026-01-26,N,Florida A&M,Jackson State,65,66,0
2026-01-26,N,Bethune-Cookman,Alcorn State,82,73,1
2026-01-26,N,Ohio State,Penn State,84,78,1
2026-01-26,N,Stonehill,Central Connecticut,61,59,1
2026-01-26,N,South Carolina State,Delaware State,70,64,1
2026-01-26,N,Fairleigh Dickinson,Le Moyne,74,87,0
2026-01-25,N,Wisconsin,USC,71,73,0
2026-01-25,N,Washington,Oregon,72,57,1
2026-01-25,N,Mercyhurst,Chicago State,61,59,1
2026-01-25,N,South Florida,Florida Atlantic,89,75,1
2026-01-24,N,Hawai'i,Cal State Northridge,89,68,1
2026-01-24,N,Arizona State,Cincinnati,82,68,1
2026-01-24,N,UC San Diego,UC Irvine,59,61,0
2026-01-24,N,San Diego,Santa Clara,73,85,0
2026-01-24,N,Utah Tech,Southern Utah,102,91,1
2026-01-24,N,Alabama,Tennessee,73,79,0
2026-01-24,N,Gonzaga,San Francisco,68,66,1
2026-01-24,N,Kansas State,Kansas,62,86,0
2026-01-24,N,Bradley,UIC,70,85,0
2026-01-24,N,New Mexico,Nevada,80,73,1
2026-01-24,N,Portland,Saint Mary's,69,75,0
2026-01-24,N,Stanford,California,66,78,0
2026-01-24,N,Kansas City,Omaha,60,77,0
2026-01-24,N,Northern Arizona,Northern Colorado,81,77,1
2026-01-24,N,Montana State,Weber State,91,88,1
2026-01-24,N,California Baptist,Utah Valley,78,71,1
2026-01-24,N,Fresno State,Grand Canyon,57,68,0
2026-01-24,N,Lehigh,Lafayette,64,59,1
2026-01-24,N,Pacific,Seattle U,56,54,1
2026-01-24,N,Long Beach State,UC Santa Barbara,71,74,0
2026-01-24,N,Fairfield,Canisius,61,55,1
2026-01-24,N,Iona,Manhattan,66,57,1
2026-01-24,N,Cal Poly,Cal State Fullerton,78,93,0
2026-01-24,N,Florida A&M,Alcorn State,66,58,1
2026-01-24,N,Washington State,Pepperdine,95,79,1
2026-01-24,N,Baylor,TCU,90,97,0
2026-01-24,N,Southern,Arkansas-Pine Bluff,74,75,0
2026-01-24,N,UCLA,Northwestern,71,64,1
2026-01-24,N,Notre Dame,Boston College,68,64,1
2026-01-24,N,Western Michigan,Central Michigan,77,65,1
2026-01-24,N,Montana,Idaho State,69,60,1
2026-01-24,N,BYU,Utah,91,78,1
2026-01-24,N,Prairie View A&M,Alabama State,80,95,0
2026-01-24,N,Arkansas,LSU,85,81,1
2026-01-24,N,Davidson,VCU,69,75,0
2026-01-24,N,DePaul,Seton Hall,67,60,1
2026-01-24,N,Toledo,Bowling Green,73,72,1
2026-01-24,N,UC Davis,UC Riverside,74,66,1
2026-01-24,N,Idaho,Portland State,66,69,0
2026-01-24,N,Eastern Washington,Sacramento State,75,67,1
2026-01-24,N,Rice,Tulsa,81,87,0
2026-01-24,N,Incarnate Word,Texas A&M-Corpus Christi,71,79,0
2026-01-24,N,Houston Christian,UT Rio Grande Valley,51,68,0
2026-01-24,N,Florida,Auburn,67,76,0
2026-01-24,N,Northern Iowa,Murray State,81,76,1
2026-01-24,N,Wyoming,San José State,66,62,1
2026-01-24,N,Wichita State,Memphis,74,59,1
2026-01-24,N,Bethune-Cookman,Jackson State,85,48,1
2026-01-24,N,UNLV,San Diego State,71,82,0
2026-01-24,N,SMU,Florida State,83,80,1
2026-01-24,N,Boise State,Air Force,96,54,1
2026-01-24,N,Denver,North Dakota,86,93,0
2026-01-24,N,Mount St. Mary's,Rider,71,61,1
2026-01-24,N,Lamar,Stephen F. Austin,81,88,0
2026-01-24,N,UTEP,Missouri State,57,62,0
2026-01-24,N,Texas Southern,Alabama A&M,89,74,1
2026-01-24,N,Eastern Michigan,Kent State,75,76,0
2026-01-24,N,McNeese,New Orleans,82,63,1
2026-01-24,N,Lindenwood,Tennessee State,86,96,0
2026-01-24,N,Purdue,Illinois,82,88,0
2026-01-24,N,Oklahoma State,Iowa State,71,84,0
2026-01-24,N,George Washington,Richmond,85,69,1
2026-01-24,N,Colorado,UCF,86,95,0
2026-01-24,N,Merrimack,Saint Peter's,67,59,1
2026-01-24,N,Oral Roberts,North Dakota State,58,86,0
2026-01-24,N,Detroit Mercy,Oakland,87,95,0
2026-01-24,N,Georgia Southern,Troy,78,83,0
2026-01-24,N,Jacksonville,Eastern Kentucky,81,76,1
2026-01-24,N,SE Louisiana,Nicholls,67,61,1
2026-01-24,N,West Georgia,Queens University,74,66,1
2026-01-24,N,SIU Edwardsville,Tennessee Tech,62,58,1
2026-01-24,N,Louisville,Virginia Tech,85,71,1
2026-01-24,N,Arizona,West Virginia,88,53,1
2026-01-24,N,Texas Tech,Houston,90,86,1
2026-01-24,N,Howard,Morgan State,77,78,0
2026-01-24,N,Rhode Island,George Mason,74,65,1
2026-01-24,N,Loyola Chicago,Duquesne,59,71,0
2026-01-24,N,Saint Joseph's,Dayton,81,74,1
2026-01-24,N,Colgate,Boston University,80,79,1
2026-01-24,N,Presbyterian,Winthrop,72,82,0
2026-01-24,N,Syracuse,Miami,76,85,0
2026-01-24,N,Loyola Maryland,Bucknell,67,62,1
2026-01-24,N,Dartmouth,Columbia,69,79,0
2026-01-24,N,South Dakota,St. Thomas-Minnesota,78,90,0
2026-01-24,N,Ball State,Northern Illinois,58,53,1
2026-01-24,N,Harvard,Cornell,79,86,0
2026-01-24,N,Pennsylvania,Yale,60,77,0
2026-01-24,N,Maine,Binghamton,79,63,1
2026-01-24,N,New Hampshire,UAlbany,80,72,1
2026-01-24,N,Drexel,Northeastern,83,78,1
2026-01-24,N,Samford,Chattanooga,75,64,1
2026-01-24,N,Georgia State,Arkansas State,82,81,1
2026-01-24,N,Missouri,Oklahoma,88,87,1
2026-01-24,N,New Mexico State,Florida International,78,81,0
2026-01-24,N,Sam Houston,Western Kentucky,73,58,1
2026-01-24,N,Xavier,St. John's,83,88,0
2026-01-24,N,Norfolk State,Coppin State,103,76,1
2026-01-24,N,Navy,Army,84,56,1
2026-01-24,N,Western Carolina,VMI,88,58,1
2026-01-24,N,Texas,Georgia,87,67,1
2026-01-24,N,Indiana State,Drake,62,76,0
2026-01-24,N,Belmont,Illinois State,80,69,1
2026-01-24,N,UTSA,Temple,64,70,0
2026-01-24,N,Wright State,Northern Kentucky,88,80,1
2026-01-24,N,Youngstown State,Milwaukee,64,65,0
2026-01-24,N,Robert Morris,Green Bay,67,71,0
2026-01-24,N,Marist,Quinnipiac,71,64,1
2026-01-24,N,Bryant,Vermont,52,62,0
2026-01-24,N,UMBC,UMass Lowell,79,56,1
2026-01-24,N,James Madison,Texas State,82,57,1
2026-01-24,N,Coastal Carolina,Southern Miss,85,67,1
2026-01-24,N,Texas A&M,South Carolina,92,69,1
2026-01-24,N,Liberty,Delaware,67,51,1
2026-01-24,N,UConn,Villanova,75,67,1
2026-01-24,N,Providence,Georgetown,78,81,0
2026-01-24,N,Morehead State,Eastern Illinois,73,68,1
2026-01-24,N,Duke,Wake Forest,90,69,1
2026-01-24,N,Minnesota,Nebraska,57,76,0
2026-01-24,N,Michigan State,Maryland,91,48,1
2026-01-24,N,Virginia,North Carolina,80,85,0
2026-01-24,N,Mississippi State,Vanderbilt,56,88,0
2026-01-24,N,Georgia Tech,Clemson,63,77,0
2026-01-24,N,Holy Cross,American University,67,76,0
2026-01-24,N,Pittsburgh,NC State,72,81,0
2026-01-24,N,Princeton,Brown,63,53,1
2026-01-24,N,Sacred Heart,Niagara,71,70,1
2026-01-24,N,Hampton,UNC Wilmington,67,75,0
2026-01-24,N,Charleston,Elon,80,70,1
2026-01-24,N,North Carolina A&T,Towson,80,73,1
2026-01-24,N,Campbell,Monmouth,73,88,0
2026-01-24,N,William & Mary,Hofstra,89,82,1
2026-01-24,N,Wofford,Mercer,80,77,1
2026-01-24,N,Kentucky,Ole Miss,72,63,1
2026-01-24,N,North Florida,Bellarmine,117,114,1
2026-01-23,N,Colorado State,Utah State,61,65,0
2026-01-23,N,Southern Indiana,Western Illinois,96,64,1
2026-01-23,N,Michigan,Ohio State,74,62,1
2026-01-23,N,Butler,Marquette,87,76,1
2026-01-23,N,Ohio,Akron,65,86,0
2026-01-23,N,Charlotte,Tulane,73,70,1
2026-01-23,N,Gardner-Webb,South Carolina Upstate,67,65,1
2026-01-23,N,Radford,High Point,83,93,0
2026-01-23,N,Longwood,Charleston Southern,81,79,1
2026-01-23,N,Buffalo,Massachusetts,67,68,0
2026-01-23,N,Saint Francis,Chicago State,81,60,1
2026-01-23,N,Stonehill,Long Island University,63,66,0
2026-01-23,N,Le Moyne,Wagner,69,67,1
2026-01-23,N,Central Connecticut,Fairleigh Dickinson,66,76,0
2026-01-23,N,East Tennessee State,The Citadel,84,55,1
2026-01-23,N,Jacksonville State,Middle Tennessee,75,58,1
2026-01-23,N,Rutgers,Indiana,59,82,0
2026-01-23,N,St. Bonaventure,Saint Louis,62,97,0
2026-01-23,N,UNC Greensboro,Furman,66,89,0
2026-01-23,N,Louisiana Tech,Kennesaw State,82,76,1
2026-01-23,N,North Texas,East Carolina,59,63,0
2026-01-23,N,New Haven,Mercyhurst,57,61,0
2026-01-23,N,Austin Peay,Stetson,73,65,1
2026-01-23,N,Lipscomb,Florida Gulf Coast,86,71,1
2026-01-23,N,App State,UL Monroe,59,43,1
2026-01-22,N,Hawai'i,Cal State Bakersfield,98,71,1
2026-01-22,N,Cal State Fullerton,Long Beach State,71,61,1
2026-01-22,N,UC Riverside,UC Irvine,66,80,0
2026-01-22,N,St. Thomas-Minnesota,South Dakota State,74,69,1
2026-01-22,N,Denver,North Dakota State,77,82,0
2026-01-22,N,UC Santa Barbara,Cal Poly,107,67,1
2026-01-22,N,UC Davis,UC San Diego,74,80,0
2026-01-22,N,Montana,Weber State,81,65,1
2026-01-22,N,Montana State,Idaho State,74,62,1
2026-01-22,N,Idaho,Sacramento State,86,76,1
2026-01-22,N,Eastern Washington,Portland State,61,65,0
2026-01-22,N,SIU Edwardsville,Tennessee State,74,66,1
2026-01-22,N,New Mexico State,Missouri State,75,84,0
2026-01-22,N,UTEP,Florida International,83,77,1
2026-01-22,N,Southeast Missouri State,Little Rock,70,65,1
2026-01-22,N,Lindenwood,Tennessee Tech,89,68,1
2026-01-22,N,Southern Indiana,Eastern Illinois,51,59,0
2026-01-22,N,Oral Roberts,North Dakota,62,79,0
2026-01-22,N,Morehead State,Western Illinois,71,66,1
2026-01-22,N,UAB,South Florida,69,82,0
2026-01-22,N,Penn State,Wisconsin,71,98,0
2026-01-22,N,Iona,Merrimack,61,60,1
2026-01-22,N,Robert Morris,Milwaukee,88,76,1
2026-01-22,N,Mount St. Mary's,Quinnipiac,62,77,0
2026-01-22,N,Fairfield,Niagara,62,61,1
2026-01-22,N,Sacred Heart,Canisius,69,66,1
2026-01-22,N,Siena,Marist,69,50,1
2026-01-22,N,William & Mary,UNC Wilmington,77,70,1
2026-01-22,N,Charleston,Campbell,87,83,1
2026-01-22,N,Elon,Towson,59,72,0
2026-01-22,N,Hampton,Monmouth,65,63,1
2026-01-22,N,North Carolina A&T,Hofstra,79,78,1
2026-01-22,N,Northeastern,Stony Brook,80,95,0
2026-01-22,N,James Madison,South Alabama,83,90,0
2026-01-22,N,Georgia State,Southern Miss,69,62,1
2026-01-22,N,Georgia Southern,Arkansas State,68,85,0
2026-01-22,N,Coastal Carolina,Texas State,72,70,1
2026-01-22,N,North Florida,Eastern Kentucky,87,85,1
2026-01-22,N,Jacksonville,Bellarmine,70,77,0
2026-01-22,N,Youngstown State,Green Bay,88,81,1
2026-01-22,N,UMass Lowell,Vermont,68,77,0
2026-01-22,N,UMBC,NJIT,87,74,1
2026-01-22,N,New Hampshire,Binghamton,88,82,1
2026-01-22,N,Maine,UAlbany,52,49,1
2026-01-22,N,West Georgia,Central Arkansas,65,86,0
2026-01-22,N,Lipscomb,Stetson,79,74,1
2026-01-22,N,Austin Peay,Florida Gulf Coast,83,62,1
2026-01-22,N,Marshall,UL Monroe,115,60,1
2026-01-22,N,App State,Louisiana,72,58,1
2026-01-21,N,Saint Mary's,Oregon State,81,51,1
2026-01-21,N,USC,Northwestern,68,74,0
2026-01-21,N,Grand Canyon,San Diego State,70,69,1
2026-01-21,N,Seattle U,Loyola Marymount,69,59,1
2026-01-21,N,California Baptist,Utah Tech,73,64,1
2026-01-21,N,San Diego,Washington State,96,92,1
2026-01-21,N,Arizona,Cincinnati,77,51,1
2026-01-21,N,Nebraska,Washington,76,66,1
2026-01-21,N,Gonzaga,Pepperdine,84,60,1
2026-01-21,N,Illinois State,Northern Iowa,59,54,1
2026-01-21,N,New Mexico,Fresno State,83,74,1
2026-01-21,N,Arizona State,West Virginia,63,75,0
2026-01-21,N,Syracuse,Virginia Tech,74,76,0
2026-01-21,N,Texas A&M,Mississippi State,88,68,1
2026-01-21,N,Southern Utah,Utah Valley,84,70,1
2026-01-21,N,Valparaiso,Southern Illinois,69,63,1
2026-01-21,N,North Texas,UTSA,81,62,1
2026-01-21,N,Rice,Temple,65,69,0
2026-01-21,N,Tulsa,Memphis,83,66,1
2026-01-21,N,Omaha,South Dakota,64,68,0
2026-01-21,N,UT Arlington,Tarleton State,71,64,1
2026-01-21,N,Wichita State,East Carolina,77,60,1
2026-01-21,N,Western Kentucky,Liberty,69,76,0
2026-01-21,N,Sam Houston,Kennesaw State,93,87,1
2026-01-21,N,Illinois,Maryland,89,70,1
2026-01-21,N,North Carolina,Notre Dame,91,69,1
2026-01-21,N,Drake,Murray State,101,90,1
2026-01-21,N,Bradley,Indiana State,75,68,1
2026-01-21,N,American University,Colgate,70,66,1
2026-01-21,N,Richmond,Rhode Island,68,69,0
2026-01-21,N,Davidson,Fordham,68,63,1
2026-01-21,N,Florida Atlantic,Tulane,79,74,1
2026-01-21,N,Bucknell,Army,84,87,0
2026-01-21,N,Longwood,Gardner-Webb,91,56,1
2026-01-21,N,Presbyterian,Charleston Southern,87,83,1
2026-01-21,N,Villanova,Georgetown,66,51,1
2026-01-21,N,Creighton,Xavier,94,93,1
2026-01-21,N,Boston College,Pittsburgh,65,62,1
2026-01-21,N,Navy,Holy Cross,85,68,1
2026-01-21,N,Wright State,Cleveland State,79,85,0
2026-01-21,N,Detroit Mercy,Purdue Fort Wayne,76,83,0
2026-01-21,N,Oakland,IU Indianapolis,85,103,0
2026-01-21,N,The Citadel,Furman,77,75,1
2026-01-21,N,Mercer,Western Carolina,88,76,1
2026-01-21,N,Chattanooga,East Tennessee State,66,67,0
2026-01-21,N,Old Dominion,Troy,77,83,0
2026-01-21,N,Kentucky,Texas,85,80,1
2026-01-21,N,Queens University,North Alabama,87,62,1
2026-01-21,N,La Salle,Dayton,67,64,1
2026-01-21,N,Winthrop,Radford,76,75,1
2026-01-21,N,Boston University,Lafayette,77,73,1
2026-01-21,N,South Carolina Upstate,UNC Asheville,69,83,0
2026-01-21,N,Wofford,Samford,88,78,1
2026-01-21,N,VMI,UNC Greensboro,78,85,0
2026-01-20,N,Colorado,Kansas,69,75,0
2026-01-20,N,Utah State,UNLV,76,86,0
2026-01-20,N,UCLA,Purdue,69,67,1
2026-01-20,N,Nevada,San José State,87,54,1
2026-01-20,N,Arkansas,Vanderbilt,93,68,1
2026-01-20,N,Oregon,Michigan State,52,68,0
2026-01-20,N,Baylor,Texas Tech,73,92,0
2026-01-20,N,Missouri,Georgia,72,74,0
2026-01-20,N,Kansas State,Utah,81,78,1
2026-01-20,N,Wake Forest,SMU,79,91,0
2026-01-20,N,Colorado State,Air Force,81,52,1
2026-01-20,N,Ole Miss,Auburn,66,78,0
2026-01-20,N,Iowa,Rutgers,68,62,1
2026-01-20,N,Wyoming,Boise State,65,81,0
2026-01-20,N,Southeast Missouri State,UT Martin,66,50,1
2026-01-20,N,UIC,Evansville,76,49,1
2026-01-20,N,TCU,Oklahoma State,68,65,1
2026-01-20,N,Butler,DePaul,87,80,1
2026-01-20,N,Michigan,Indiana,86,72,1
2026-01-20,N,Iowa State,UCF,87,57,1
2026-01-20,N,Florida,LSU,79,61,1
2026-01-20,N,Clemson,NC State,76,80,0
2026-01-20,N,Duquesne,Saint Louis,77,81,0
2026-01-20,N,Kent State,Miami (OH),101,107,0
2026-01-20,N,South Carolina State,Mid-Atlantic Christian,56,50,1
2026-01-20,N,St. Bonaventure,Loyola Chicago,84,70,1
2026-01-20,N,St. John's,Seton Hall,65,60,1
2026-01-20,N,Miami,Florida State,63,65,0
2026-01-20,N,Ohio,Northern Illinois,80,77,1
2026-01-20,N,Western Michigan,Bowling Green,54,72,0
2026-01-20,N,Central Michigan,Ball State,67,68,0
2026-01-20,N,South Carolina,Oklahoma,85,76,1
2026-01-20,N,Morgan State,Virginia-Lynchburg,128,53,1
2026-01-20,N,Ohio State,Minnesota,82,74,1
2026-01-20,N,Buffalo,Akron,63,82,0
2026-01-20,N,Massachusetts,Toledo,84,82,1
2026-01-19,N,Hampton,North Carolina A&T,82,61,1
2026-01-19,N,Mississippi Valley State,Florida A&M,48,62,0
2026-01-19,N,Jackson State,Texas Southern,94,89,1
2026-01-19,N,Houston Christian,Northwestern State,82,80,1
2026-01-19,N,New Orleans,Lamar,89,76,1
2026-01-19,N,Northern Colorado,Montana State,68,73,0
2026-01-19,N,Northern Arizona,Montana,72,98,0
2026-01-19,N,UT Rio Grande Valley,SE Louisiana,68,65,1
2026-01-19,N,Nicholls,Stephen F. Austin,62,79,0
2026-01-19,N,Norfolk State,Elizabeth City State,86,61,1
2026-01-19,N,Chicago State,New Haven,56,62,0
2026-01-19,N,Lehigh,Loyola Maryland,88,81,1
2026-01-19,N,Arkansas-Pine Bluff,Bethune-Cookman,82,87,0
2026-01-19,N,Dartmouth,Princeton,71,69,1
2026-01-19,N,Marquette,Providence,105,104,1
2026-01-19,N,Incarnate Word,East Texas A&M,58,80,0
2026-01-19,N,George Mason,George Washington,69,64,1
2026-01-19,N,Alabama State,Alabama A&M,69,73,0
2026-01-19,N,Howard,Morehouse,78,69,1
2026-01-19,N,Texas A&M-Corpus Christi,McNeese,53,69,0
2026-01-19,N,VCU,Saint Joseph's,79,72,1
2026-01-19,N,Alcorn State,Prairie View A&M,76,75,1
2026-01-19,N,Le Moyne,Long Island University,83,77,1
2026-01-19,N,Saint Peter's,Iona,77,63,1
2026-01-19,N,Rider,Sacred Heart,85,105,0
2026-01-19,N,Brown,Cornell,67,89,0
2026-01-19,N,Yale,Columbia,91,74,1
2026-01-19,N,Siena,Fairfield,85,77,1
2026-01-19,N,Niagara,Mount St. Mary's,58,68,0
2026-01-19,N,Marist,Merrimack,55,68,0
2026-01-19,N,Quinnipiac,Manhattan,98,92,1
2026-01-19,N,Mercyhurst,Central Connecticut,79,61,1
2026-01-19,N,Harvard,Pennsylvania,64,63,1
2026-01-19,N,Fairleigh Dickinson,Wagner,68,61,1
2026-01-19,N,Maine,New Hampshire,48,65,0
2026-01-19,N,Binghamton,UMBC,60,78,0
2026-01-19,N,NJIT,Bryant,79,55,1
2026-01-19,N,UAlbany,Vermont,75,68,1
2026-01-19,N,Towson,Drexel,59,58,1
2026-01-19,N,Saint Francis,Stonehill,63,61,1
2026-01-19,N,Monmouth,Northeastern,81,68,1
2026-01-18,N,San Francisco,Washington State,85,80,1
2026-01-18,N,Houston,Arizona State,103,73,1
2026-01-18,N,Memphis,UTSA,95,69,1
2026-01-18,N,Tulane,North Texas,63,71,0
2026-01-18,N,Eastern Illinois,Blackburn,105,49,1
2026-01-18,N,UAB,Tulsa,77,99,0
2026-01-18,N,South Florida,Wichita State,85,86,0
2026-01-18,N,East Carolina,Charlotte,70,73,0
2026-01-18,N,Green Bay,Oakland,63,88,0
2026-01-18,N,Purdue Fort Wayne,Milwaukee,100,82,1
2026-01-18,N,Army,American University,67,78,0
2026-01-18,N,Temple,Florida Atlantic,73,79,0
2026-01-18,N,Maryland,Penn State,96,73,1
2026-01-17,N,Seattle U,Gonzaga,50,71,0
2026-01-17,N,Oklahoma State,Kansas State,84,83,1
2026-01-17,N,Sacramento State,Northern Colorado,93,89,1
2026-01-17,N,Loyola Marymount,Portland,58,71,0
2026-01-17,N,UC Santa Barbara,Hawai'i,77,62,1
2026-01-17,N,Montana State,Montana,76,67,1
2026-01-17,N,Weber State,Idaho,67,75,0
2026-01-17,N,Utah Tech,Tarleton State,75,71,1
2026-01-17,N,Mississippi State,Ole Miss,67,68,0
2026-01-17,N,Southern Utah,Abilene Christian,74,52,1
2026-01-17,N,Texas Tech,BYU,84,71,1
2026-01-17,N,Pittsburgh,Louisville,59,100,0
2026-01-17,N,San Diego State,New Mexico,83,79,1
2026-01-17,N,Cal State Northridge,Long Beach State,80,87,0
2026-01-17,N,UC Riverside,Cal State Fullerton,81,72,1
2026-01-17,N,Villanova,St. John's,79,86,0
2026-01-17,N,Oral Roberts,Omaha,62,73,0
2026-01-17,N,Southern Illinois,Belmont,68,73,0
2026-01-17,N,Santa Clara,Saint Mary's,62,54,1
2026-01-17,N,Fresno State,Wyoming,63,60,1
2026-01-17,N,High Point,South Carolina Upstate,89,69,1
2026-01-17,N,Northern Kentucky,Robert Morris,89,92,0
2026-01-17,N,Fairleigh Dickinson,Long Island University,59,66,0
2026-01-17,N,UNC Wilmington,Campbell,78,75,1
2026-01-17,N,VMI,The Citadel,68,82,0
2026-01-17,N,Eastern Kentucky,Bellarmine,89,69,1
2026-01-17,N,Lipscomb,Austin Peay,82,78,1
2026-01-17,N,Arkansas-Pine Bluff,Florida A&M,67,71,0
2026-01-17,N,Mississippi Valley State,Bethune-Cookman,63,79,0
2026-01-17,N,USC,Purdue,64,69,0
2026-01-17,N,Stanford,Duke,50,80,0
2026-01-17,N,Washington,Michigan State,63,80,0
2026-01-17,N,San Diego,Bethesda University,113,67,1
2026-01-17,N,Oregon State,Pacific,64,81,0
2026-01-17,N,West Virginia,Colorado,72,61,1
2026-01-17,N,Florida State,Wake Forest,68,69,0
2026-01-17,N,New Orleans,Stephen F. Austin,79,84,0
2026-01-17,N,Idaho State,Eastern Washington,66,84,0
2026-01-17,N,Texas,Texas A&M,70,74,0
2026-01-17,N,Auburn,South Carolina,71,67,1
2026-01-17,N,Middle Tennessee,Missouri State,90,87,1
2026-01-17,N,UT Rio Grande Valley,McNeese,79,76,1
2026-01-17,N,South Dakota State,Kansas City,90,62,1
2026-01-17,N,San José State,UNLV,62,76,0
2026-01-17,N,Grambling,Southern,53,71,0
2026-01-17,N,Furman,Wofford,70,74,0
2026-01-17,N,UC Davis,UC Irvine,75,72,1
2026-01-17,N,Incarnate Word,Northwestern State,76,74,1
2026-01-17,N,Portland State,Northern Arizona,63,52,1
2026-01-17,N,Jacksonville State,Louisiana Tech,64,60,1
2026-01-17,N,Southeast Missouri State,SIU Edwardsville,55,68,0
2026-01-17,N,North Carolina Central,Howard,69,83,0
2026-01-17,N,South Carolina State,Norfolk State,82,89,0
2026-01-17,N,Delaware State,Morgan State,79,80,0
2026-01-17,N,Maryland Eastern Shore,Coppin State,70,67,1
2026-01-17,N,Texas A&M-Corpus Christi,SE Louisiana,68,56,1
2026-01-17,N,Houston Christian,East Texas A&M,81,70,1
2026-01-17,N,Troy,Arkansas State,99,74,1
2026-01-17,N,Texas State,Southern Miss,74,67,1
2026-01-17,N,Tennessee State,Southern Indiana,73,67,1
2026-01-17,N,UT Martin,Lindenwood,69,55,1
2026-01-17,N,UCF,Arizona,77,84,0
2026-01-17,N,Oregon,Michigan,71,81,0
2026-01-17,N,Northwestern,Nebraska,58,77,0
2026-01-17,N,California,North Carolina,84,78,1
2026-01-17,N,Georgia,Arkansas,90,76,1
2026-01-17,N,Murray State,Indiana State,85,81,1
2026-01-17,N,Alcorn State,Texas Southern,71,72,0
2026-01-17,N,Saint Louis,Richmond,88,63,1
2026-01-17,N,Jackson State,Prairie View A&M,82,78,1
2026-01-17,N,Air Force,Nevada,66,81,0
2026-01-17,N,Stony Brook,Charleston,112,106,1
2026-01-17,N,UNC Greensboro,Mercer,92,102,0
2026-01-17,N,Cal State Bakersfield,UC San Diego,62,83,0
2026-01-17,N,Nicholls,Lamar,80,90,0
2026-01-17,N,South Alabama,Louisiana,56,59,0
2026-01-17,N,Marshall,James Madison,77,72,1
2026-01-17,N,Tennessee Tech,Morehead State,70,76,0
2026-01-17,N,Little Rock,Western Illinois,86,79,1
2026-01-17,N,Utah Valley,UT Arlington,86,74,1
2026-01-17,N,UL Monroe,Georgia State,57,77,0
2026-01-17,N,LSU,Missouri,78,70,1
2026-01-17,N,Valparaiso,Northern Iowa,54,44,1
2026-01-17,N,UIC,Drake,74,67,1
2026-01-17,N,Merrimack,Quinnipiac,83,71,1
2026-01-17,N,Northern Illinois,Massachusetts,70,68,1
2026-01-17,N,Dartmouth,Pennsylvania,74,84,0
2026-01-17,N,Georgia Southern,Coastal Carolina,75,79,0
2026-01-17,N,North Alabama,Jacksonville,68,90,0
2026-01-17,N,Western Kentucky,Kennesaw State,65,81,0
2026-01-17,N,Liberty,UTEP,80,69,1
2026-01-17,N,Grand Canyon,Utah State,84,74,1
2026-01-17,N,La Salle,St. Bonaventure,78,74,1
2026-01-17,N,Radford,Longwood,85,83,1
2026-01-17,N,Clemson,Miami,69,59,1
2026-01-17,N,Cincinnati,Iowa State,79,70,1
2026-01-17,N,Vanderbilt,Florida,94,98,0
2026-01-17,N,Illinois State,Bradley,88,62,1
2026-01-17,N,Colgate,Bucknell,95,76,1
2026-01-17,N,Utah,TCU,82,79,1
2026-01-17,N,Wisconsin,Rutgers,96,87,1
2026-01-17,N,Indiana,Iowa,57,74,0
2026-01-17,N,UNC Asheville,Winthrop,67,69,0
2026-01-17,N,Gardner-Webb,Presbyterian,55,92,0
2026-01-17,N,Saint Peter's,Rider,69,58,1
2026-01-17,N,Boston College,Syracuse,81,73,1
2026-01-17,N,Lehigh,Navy,79,82,0
2026-01-17,N,Brown,Columbia,86,80,1
2026-01-17,N,North Dakota State,St. Thomas-Minnesota,68,65,1
2026-01-17,N,North Dakota,South Dakota,96,80,1
2026-01-17,N,Yale,Cornell,102,68,1
2026-01-17,N,Cleveland State,Youngstown State,80,78,1
2026-01-17,N,IU Indianapolis,Detroit Mercy,77,80,0
2026-01-17,N,Akron,Western Michigan,104,89,1
2026-01-17,N,Marist,Fairfield,82,67,1
2026-01-17,N,Manhattan,Siena,59,74,0
2026-01-17,N,Harvard,Princeton,87,80,1
2026-01-17,N,Mercyhurst,Stonehill,57,62,0
2026-01-17,N,Saint Francis,Central Connecticut,90,98,0
2026-01-17,N,Chicago State,Le Moyne,57,72,0
2026-01-17,N,Samford,East Tennessee State,75,76,0
2026-01-17,N,Florida Gulf Coast,West Georgia,90,72,1
2026-01-17,N,Stetson,Queens University,81,87,0
2026-01-17,N,Central Arkansas,North Florida,98,69,1
2026-01-17,N,Florida International,Sam Houston,63,76,0
2026-01-17,N,Delaware,New Mexico State,68,97,0
2026-01-17,N,Oklahoma,Alabama,81,83,0
2026-01-17,N,Ohio State,UCLA,86,74,1
2026-01-17,N,Lafayette,Holy Cross,74,55,1
2026-01-17,N,Loyola Maryland,Boston University,74,57,1
2026-01-17,N,Bowling Green,Eastern Michigan,85,79,1
2026-01-17,N,Miami (OH),Buffalo,105,102,1
2026-01-17,N,New Haven,Wagner,80,74,1
2026-01-17,N,Western Carolina,Chattanooga,82,90,0
2026-01-17,N,App State,Old Dominion,73,75,0
2026-01-17,N,Fordham,Duquesne,63,74,0
2026-01-17,N,Georgetown,UConn,62,64,0
2026-01-17,N,Illinois,Minnesota,77,67,1
2026-01-17,N,SMU,Virginia,68,72,0
2026-01-17,N,Tennessee,Kentucky,78,80,0
2026-01-17,N,Seton Hall,Butler,66,77,0
2026-01-17,N,Virginia Tech,Notre Dame,89,76,1
2026-01-17,N,NC State,Georgia Tech,74,78,0
2026-01-17,N,Canisius,Mount St. Mary's,68,78,0
2026-01-17,N,Hofstra,Elon,85,89,0
2026-01-16,N,Boise State,Colorado State,79,73,1
2026-01-16,N,Dayton,Loyola Chicago,78,51,1
2026-01-16,N,DePaul,Marquette,80,75,1
2026-01-16,N,Ball State,Ohio,76,71,1
2026-01-16,N,Kansas,Baylor,80,62,1
2026-01-16,N,Providence,Creighton,93,88,1
2026-01-16,N,Kent State,Toledo,87,84,1
2026-01-15,N,Washington State,Gonzaga,65,86,0
2026-01-15,N,Seattle U,San Diego,75,64,1
2026-01-15,N,Long Beach State,UC Riverside,88,73,1
2026-01-15,N,Cal Poly,Hawai'i,66,86,0
2026-01-15,N,UC San Diego,Cal State Northridge,79,84,0
2026-01-15,N,Portland State,Northern Colorado,76,73,1
2026-01-15,N,Sacramento State,Northern Arizona,83,69,1
2026-01-15,N,Cal State Bakersfield,UC Santa Barbara,69,75,0
2026-01-15,N,Florida Atlantic,Wichita State,85,67,1
2026-01-15,N,UC Davis,Cal State Fullerton,74,69,1
2026-01-15,N,Idaho State,Idaho,76,68,1
2026-01-15,N,Weber State,Eastern Washington,91,80,1
2026-01-15,N,Tennessee Tech,Southern Indiana,54,71,0
2026-01-15,N,Southeast Missouri State,Lindenwood,76,88,0
2026-01-15,N,Utah Tech,UT Arlington,52,56,0
2026-01-15,N,UT Martin,SIU Edwardsville,65,59,1
2026-01-15,N,Tennessee State,Morehead State,105,100,1
2026-01-15,N,Little Rock,Eastern Illinois,74,63,1
2026-01-15,N,Southern Utah,Tarleton State,106,105,1
2026-01-15,N,South Dakota,Kansas City,99,83,1
2026-01-15,N,North Dakota,St. Thomas-Minnesota,80,91,0
2026-01-15,N,Towson,Charleston,61,52,1
2026-01-15,N,South Alabama,Arkansas State,91,87,1
2026-01-15,N,Austin Peay,Eastern Kentucky,74,72,1
2026-01-15,N,Lipscomb,Bellarmine,81,71,1
2026-01-15,N,Abilene Christian,California Baptist,58,74,0
2026-01-15,N,Central Arkansas,Jacksonville,62,60,1
2026-01-15,N,Wright State,Youngstown State,93,83,1
2026-01-15,N,Milwaukee,Oakland,60,73,0
2026-01-15,N,Northern Kentucky,Detroit Mercy,96,71,1
2026-01-15,N,Cleveland State,Green Bay,73,88,0
2026-01-15,N,Vermont,Maine,67,62,1
2026-01-15,N,Northeastern,Elon,85,78,1
2026-01-15,N,William & Mary,North Carolina A&T,97,89,1
2026-01-15,N,Monmouth,Drexel,51,73,0
2026-01-15,N,Stony Brook,Hofstra,76,71,1
2026-01-15,N,UNC Greensboro,The Citadel,69,66,1
2026-01-15,N,Georgia Southern,Old Dominion,87,84,1
2026-01-15,N,Stetson,West Georgia,95,86,1
2026-01-15,N,Florida Gulf Coast,Queens University,74,85,0
2026-01-15,N,North Alabama,North Florida,91,105,0
2026-01-15,N,Delaware,UTEP,69,70,0
2026-01-15,N,IU Indianapolis,Robert Morris,96,93,1
2026-01-15,N,UAlbany,Binghamton,69,53,1
2026-01-15,N,App State,James Madison,80,65,1
2026-01-15,N,UMass Lowell,NJIT,64,73,0
2026-01-15,N,Bryant,UMBC,79,74,1
2026-01-15,N,VMI,Mercer,67,77,0
2026-01-15,N,Liberty,New Mexico State,73,71,1
2026-01-14,N,California,Duke,56,71,0
2026-01-14,N,BYU,TCU,76,70,1
2026-01-14,N,Arizona,Arizona State,89,82,1
2026-01-14,N,Washington,Michigan,72,82,0
2026-01-14,N,Utah State,Nevada,71,62,1
2026-01-14,N,Santa Clara,Pacific,85,69,1
2026-01-14,N,Oregon State,Loyola Marymount,76,70,1
2026-01-14,N,Texas,Vanderbilt,80,64,1
2026-01-14,N,Stanford,North Carolina,95,90,1
2026-01-14,N,Texas Tech,Utah,88,74,1
2026-01-14,N,Arkansas,South Carolina,108,74,1
2026-01-14,N,Pepperdine,Portland,67,63,1
2026-01-14,N,SMU,Virginia Tech,77,76,1
2026-01-14,N,Denver,Oral Roberts,98,87,1
2026-01-14,N,Northwestern,Illinois,68,79,0
2026-01-14,N,Penn State,UCLA,60,71,0
2026-01-14,N,Wyoming,San Diego State,57,74,0
2026-01-14,N,Southern Illinois,Drake,73,76,0
2026-01-14,N,Saint Louis,Fordham,78,56,1
2026-01-14,N,UTSA,Rice,73,89,0
2026-01-14,N,Memphis,Temple,55,53,1
2026-01-14,N,Kansas State,UCF,73,82,0
2026-01-14,N,North Dakota State,South Dakota State,76,65,1
2026-01-14,N,Texas State,Louisiana,59,54,1
2026-01-14,N,Bucknell,Lafayette,76,69,1
2026-01-14,N,Tulane,UAB,69,82,0
2026-01-14,N,Western Kentucky,Missouri State,87,72,1
2026-01-14,N,Louisiana Tech,Middle Tennessee,59,58,1
2026-01-14,N,Georgia,Ole Miss,95,97,0
2026-01-14,N,Indiana State,Illinois State,94,89,1
2026-01-14,N,Saint Joseph's,St. Bonaventure,68,64,1
2026-01-14,N,Richmond,La Salle,74,53,1
2026-01-14,N,George Washington,Davidson,79,84,0
2026-01-14,N,South Florida,East Carolina,82,71,1
2026-01-14,N,Charlotte,Tulsa,74,86,0
2026-01-14,N,Cincinnati,Colorado,77,68,1
2026-01-14,N,Charleston Southern,South Carolina Upstate,81,86,0
2026-01-14,N,Presbyterian,UNC Asheville,71,70,1
2026-01-14,N,Gardner-Webb,Radford,80,89,0
2026-01-14,N,Rider,Iona,72,68,1
2026-01-14,N,Georgia Tech,Pittsburgh,66,89,0
2026-01-14,N,Quinnipiac,Saint Peter's,70,74,0
2026-01-14,N,Loyola Maryland,Colgate,80,86,0
2026-01-14,N,Siena,Sacred Heart,80,86,0
2026-01-14,N,Canisius,Niagara,54,59,0
2026-01-14,N,Fairfield,Manhattan,98,62,1
2026-01-14,N,Samford,Furman,73,77,0
2026-01-14,N,Troy,Southern Miss,91,65,1
2026-01-14,N,Marshall,Coastal Carolina,83,85,0
2026-01-14,N,Missouri,Auburn,84,74,1
2026-01-14,N,LSU,Kentucky,74,75,0
2026-01-14,N,Kennesaw State,Florida International,89,86,1
2026-01-14,N,Jacksonville State,Sam Houston,62,77,0
2026-01-14,N,Purdue,Iowa,79,72,1
2026-01-14,N,Winthrop,High Point,92,75,1
2026-01-14,N,Xavier,Butler,89,75,1
2026-01-14,N,Rhode Island,VCU,75,84,0
2026-01-14,N,Holy Cross,Army,82,75,1
2026-01-14,N,Boston University,Lehigh,91,93,0
2026-01-14,N,Wofford,Chattanooga,67,76,0
2026-01-14,N,Western Carolina,East Tennessee State,72,68,1
2026-01-13,N,San Francisco,Saint Mary's,68,82,0
2026-01-13,N,UNLV,Boise State,89,85,1
2026-01-13,N,USC,Maryland,88,71,1
2026-01-13,N,San José State,Air Force,70,62,1
2026-01-13,N,Kansas,Iowa State,84,63,1
2026-01-13,N,Nebraska,Oregon,90,55,1
2026-01-13,N,Mississippi State,Alabama,82,97,0
2026-01-13,N,Oklahoma,Florida,79,96,0
2026-01-13,N,Fresno State,Colorado State,79,69,1
2026-01-13,N,Oklahoma State,Baylor,79,94,0
2026-01-13,N,New Mexico,Grand Canyon,87,64,1
2026-01-13,N,Creighton,Georgetown,86,83,1
2026-01-13,N,Syracuse,Florida State,94,86,1
2026-01-13,N,Houston,West Virginia,77,48,1
2026-01-13,N,Eastern Illinois,Western Illinois,57,55,1
2026-01-13,N,Seton Hall,UConn,64,69,0
2026-01-13,N,Evansville,Bradley,90,94,0
2026-01-13,N,Belmont,Valparaiso,78,74,1
2026-01-13,N,Michigan State,Indiana,81,60,1
2026-01-13,N,Louisville,Virginia,70,79,0
2026-01-13,N,Clemson,Boston College,74,50,1
2026-01-13,N,Tennessee,Texas A&M,87,82,1
2026-01-13,N,Northern Iowa,UIC,61,69,0
2026-01-13,N,Loyola Chicago,George Mason,74,82,0
2026-01-13,N,Duquesne,Dayton,65,71,0
2026-01-13,N,Minnesota,Wisconsin,75,78,0
2026-01-13,N,Notre Dame,Miami,69,81,0
2026-01-13,N,Western Michigan,Massachusetts,82,85,0
2026-01-13,N,Toledo,Ohio,101,85,1
2026-01-13,N,Miami (OH),Central Michigan,100,61,1
2026-01-13,N,Akron,Ball State,87,77,1
2026-01-13,N,Providence,Villanova,82,88,0
2026-01-13,N,St. John's,Marquette,92,68,1
2026-01-13,N,Eastern Michigan,Northern Illinois,77,59,1
2026-01-13,N,Buffalo,Kent State,81,87,0
2026-01-12,N,Texas Southern,Mississippi Valley State,84,51,1
2026-01-12,N,Alabama A&M,Jackson State,100,91,1
2026-01-12,N,Northwestern State,UT Rio Grande Valley,64,63,1
2026-01-12,N,McNeese,Nicholls,94,68,1
2026-01-12,N,East Texas A&M,Texas A&M-Corpus Christi,50,61,0
2026-01-12,N,Howard,Delaware State,84,58,1
2026-01-12,N,Alabama State,Alcorn State,81,66,1
2026-01-12,N,Florida A&M,Grambling,91,84,1
2026-01-12,N,Prairie View A&M,Arkansas-Pine Bluff,73,61,1
2026-01-12,N,Bethune-Cookman,Southern,73,77,0
2026-01-12,N,Norfolk State,Maryland Eastern Shore,70,74,0
2026-01-12,N,Coppin State,South Carolina State,72,74,0
2026-01-12,N,Lamar,Houston Christian,64,56,1
2026-01-12,N,American University,Navy,65,51,1
2026-01-12,N,Stephen F. Austin,Incarnate Word,56,46,1
2026-01-12,N,SE Louisiana,New Orleans,76,79,0
2026-01-12,N,Morgan State,North Carolina Central,78,89,0
2026-01-11,N,Washington,Ohio State,81,74,1
2026-01-11,N,UCF,Cincinnati,73,72,1
2026-01-11,N,Rutgers,Northwestern,77,75,1
2026-01-11,N,Wichita State,North Texas,78,67,1
2026-01-11,N,Oakland,Wright State,84,94,0
2026-01-11,N,Milwaukee,IU Indianapolis,95,83,1
2026-01-11,N,Rice,Charlotte,73,74,0
2026-01-11,N,East Carolina,UAB,85,87,0
2026-01-11,N,Saint Peter's,Merrimack,76,63,1
2026-01-11,N,Sacred Heart,Quinnipiac,60,70,0
2026-01-11,N,Green Bay,Northern Kentucky,80,78,1
2026-01-11,N,Robert Morris,Purdue Fort Wayne,74,79,0
2026-01-11,N,Mount St. Mary's,Siena,50,67,0
2026-01-11,N,Rider,Marist,49,71,0
2026-01-11,N,Manhattan,Niagara,79,70,1
2026-01-11,N,Florida Atlantic,Memphis,89,78,1
2026-01-11,N,Detroit Mercy,Cleveland State,94,84,1
2026-01-11,N,Iona,Canisius,74,48,1
2026-01-11,N,Iowa,Illinois,69,75,0
2026-01-11,N,Richmond,Saint Joseph's,65,67,0
2026-01-10,N,Hawai'i,UC Irvine,67,66,1
2026-01-10,N,San Diego State,Fresno State,71,52,1
2026-01-10,N,Utah,BYU,84,89,0
2026-01-10,N,Nevada,Wyoming,92,83,1
2026-01-10,N,Santa Clara,Loyola Marymount,103,72,1
2026-01-10,N,Boise State,Utah State,68,93,0
2026-01-10,N,Kentucky,Mississippi State,92,68,1
2026-01-10,N,Southern Indiana,UT Martin,56,73,0
2026-01-10,N,Alabama,Texas,88,92,0
2026-01-10,N,Pepperdine,San Francisco,60,80,0
2026-01-10,N,Portland,Oregon State,82,76,1
2026-01-10,N,UCLA,Maryland,67,55,1
2026-01-10,N,Grand Canyon,San José State,76,58,1
2026-01-10,N,Oral Roberts,St. Thomas-Minnesota,71,82,0
2026-01-10,N,Kansas City,North Dakota,79,81,0
2026-01-10,N,UC Riverside,UC San Diego,66,69,0
2026-01-10,N,Northern Colorado,Weber State,71,76,0
2026-01-10,N,Northern Arizona,Idaho State,79,81,0
2026-01-10,N,California Baptist,Southern Utah,58,55,1
2026-01-10,N,New Mexico State,Middle Tennessee,55,59,0
2026-01-10,N,Colorado,Texas Tech,71,73,0
2026-01-10,N,Pacific,San Diego,77,70,1
2026-01-10,N,Florida A&M,Southern,67,59,1
2026-01-10,N,Long Beach State,Cal State Bakersfield,81,75,1
2026-01-10,N,Cal State Fullerton,Cal State Northridge,86,79,1
2026-01-10,N,Lamar,Incarnate Word,63,51,1
2026-01-10,N,Elon,Campbell,83,82,1
2026-01-10,N,Georgetown,Seton Hall,67,76,0
2026-01-10,N,Auburn,Arkansas,95,73,1
2026-01-10,N,North Carolina,Wake Forest,87,84,1
2026-01-10,N,Bradley,Northern Iowa,75,69,1
2026-01-10,N,Drake,Belmont,76,78,0
2026-01-10,N,Prairie View A&M,Mississippi Valley State,70,69,1
2026-01-10,N,Notre Dame,Clemson,61,76,0
2026-01-10,N,Stony Brook,UNC Wilmington,71,75,0
2026-01-10,N,Stephen F. Austin,Houston Christian,85,67,1
2026-01-10,N,New Orleans,Nicholls,77,90,0
2026-01-10,N,East Texas A&M,UT Rio Grande Valley,77,69,1
2026-01-10,N,Ole Miss,Missouri,76,69,1
2026-01-10,N,Alabama A&M,Alcorn State,62,64,0
2026-01-10,N,Texas Southern,Arkansas-Pine Bluff,66,74,0
2026-01-10,N,Bethune-Cookman,Grambling,74,65,1
2026-01-10,N,Illinois State,UIC,59,63,0
2026-01-10,N,Saint Mary's,Washington State,88,82,1
2026-01-10,N,UTSA,Tulane,52,85,0
2026-01-10,N,Coppin State,North Carolina Central,77,88,0
2026-01-10,N,Bucknell,Loyola Maryland,70,67,1
2026-01-10,N,Charleston,Hampton,74,70,1
2026-01-10,N,Cal Poly,UC Davis,84,78,1
2026-01-10,N,McNeese,SE Louisiana,73,61,1
2026-01-10,N,Portland State,Sacramento State,96,69,1
2026-01-10,N,Idaho,Montana State,92,89,1
2026-01-10,N,Eastern Washington,Montana,66,65,1
2026-01-10,N,Missouri State,Florida International,79,71,1
2026-01-10,N,Kennesaw State,Jacksonville State,88,82,1
2026-01-10,N,Morgan State,South Carolina State,72,67,1
2026-01-10,N,Delaware State,Norfolk State,64,66,0
2026-01-10,N,Maryland Eastern Shore,Howard,69,57,1
2026-01-10,N,Chattanooga,Samford,88,79,1
2026-01-10,N,Northwestern State,Texas A&M-Corpus Christi,79,78,1
2026-01-10,N,Western Illinois,Tennessee Tech,54,59,0
2026-01-10,N,Lindenwood,Little Rock,74,82,0
2026-01-10,N,Eastern Illinois,Tennessee State,74,70,1
2026-01-10,N,TCU,Arizona,73,86,0
2026-01-10,N,Iowa State,Oklahoma State,83,71,1
2026-01-10,N,Murray State,Valparaiso,92,79,1
2026-01-10,N,La Salle,Saint Louis,72,84,0
2026-01-10,N,Alabama State,Jackson State,64,75,0
2026-01-10,N,American University,Holy Cross,73,84,0
2026-01-10,N,Xavier,Providence,97,84,1
2026-01-10,N,Virginia Tech,California,78,75,1
2026-01-10,N,Long Island University,Saint Francis,67,63,1
2026-01-10,N,East Tennessee State,UNC Greensboro,86,60,1
2026-01-10,N,James Madison,Old Dominion,70,69,1
2026-01-10,N,Georgia State,Marshall,81,73,1
2026-01-10,N,Florida Gulf Coast,Lipscomb,77,84,0
2026-01-10,N,Eastern Kentucky,Central Arkansas,79,75,1
2026-01-10,N,Utah Valley,Utah Tech,92,76,1
2026-01-10,N,UTEP,Western Kentucky,56,68,0
2026-01-10,N,Massachusetts,Ball State,79,71,1
2026-01-10,N,Texas A&M,Oklahoma,83,76,1
2026-01-10,N,Morehead State,Southeast Missouri State,71,69,1
2026-01-10,N,Sam Houston,Liberty,74,82,0
2026-01-10,N,George Washington,Loyola Chicago,101,66,1
2026-01-10,N,Tulsa,South Florida,78,93,0
2026-01-10,N,Arizona State,Kansas State,87,84,1
2026-01-10,N,Longwood,Presbyterian,77,70,1
2026-01-10,N,Air Force,New Mexico,49,91,0
2026-01-10,N,Central Michigan,Kent State,87,85,1
2026-01-10,N,Southern Miss,UL Monroe,70,60,1
2026-01-10,N,Arkansas State,Texas State,83,82,1
2026-01-10,N,Jacksonville,West Georgia,75,43,1
2026-01-10,N,UT Arlington,Abilene Christian,82,72,1
2026-01-10,N,Louisiana Tech,Delaware,70,68,1
2026-01-10,N,Radford,UNC Asheville,72,91,0
2026-01-10,N,Marquette,Villanova,73,76,0
2026-01-10,N,Virginia,Stanford,70,55,1
2026-01-10,N,Purdue,Penn State,93,85,1
2026-01-10,N,Duke,SMU,82,75,1
2026-01-10,N,South Carolina,Georgia,70,75,0
2026-01-10,N,Cornell,Dartmouth,91,102,0
2026-01-10,N,Colgate,Lehigh,77,78,0
2026-01-10,N,Davidson,Rhode Island,45,70,0
2026-01-10,N,South Carolina Upstate,Winthrop,50,71,0
2026-01-10,N,Charleston Southern,High Point,82,84,0
2026-01-10,N,Creighton,St. John's,73,90,0
2026-01-10,N,Pittsburgh,Syracuse,72,83,0
2026-01-10,N,Navy,Lafayette,76,50,1
2026-01-10,N,South Dakota,Denver,82,72,1
2026-01-10,N,Omaha,North Dakota State,76,78,0
2026-01-10,N,Princeton,Yale,76,60,1
2026-01-10,N,Ohio,Buffalo,91,80,1
2026-01-10,N,Columbia,Harvard,54,79,0
2026-01-10,N,Pennsylvania,Brown,81,73,1
2026-01-10,N,Stonehill,Chicago State,85,82,1
2026-01-10,N,Binghamton,UMass Lowell,68,73,0
2026-01-10,N,NJIT,Maine,70,74,0
2026-01-10,N,UAlbany,Bryant,71,46,1
2026-01-10,N,Drexel,William & Mary,64,58,1
2026-01-10,N,Northeastern,Towson,78,87,0
2026-01-10,N,Hofstra,Monmouth,67,64,1
2026-01-10,N,Mercer,Wofford,109,97,1
2026-01-10,N,Furman,VMI,69,48,1
2026-01-10,N,South Alabama,Georgia Southern,87,71,1
2026-01-10,N,North Florida,Queens University,82,89,0
2026-01-10,N,Bellarmine,North Alabama,73,82,0
2026-01-10,N,Stetson,Austin Peay,69,81,0
2026-01-10,N,Michigan,Wisconsin,88,91,0
2026-01-10,N,Baylor,Houston,55,77,0
2026-01-10,N,Vanderbilt,LSU,84,73,1
2026-01-10,N,Indiana State,Evansville,69,72,0
2026-01-10,N,Boston University,Army,100,91,1
2026-01-10,N,Western Michigan,Eastern Michigan,79,62,1
2026-01-10,N,Wagner,Mercyhurst,69,70,0
2026-01-10,N,Le Moyne,Central Connecticut,59,69,0
2026-01-10,N,New Haven,Fairleigh Dickinson,65,55,1
2026-01-10,N,UMBC,New Hampshire,75,74,1
2026-01-10,N,The Citadel,Western Carolina,79,77,1
2026-01-10,N,Louisiana,Troy,70,90,0
2026-01-10,N,Coastal Carolina,App State,67,62,1
2026-01-10,N,UConn,DePaul,72,60,1
2026-01-10,N,Indiana,Nebraska,77,83,0
2026-01-10,N,Louisville,Boston College,75,62,1
2026-01-10,N,Florida,Tennessee,91,67,1
2026-01-10,N,West Virginia,Kansas,86,75,1
2026-01-10,N,George Mason,VCU,86,80,1
2026-01-10,N,St. Bonaventure,Fordham,77,81,0
2026-01-10,N,Miami,Georgia Tech,91,81,1
2026-01-10,N,Florida State,NC State,69,113,0
2026-01-09,N,Colorado State,UNLV,70,62,1
2026-01-09,N,Minnesota,USC,69,70,0
2026-01-09,N,Milwaukee,Northern Kentucky,67,85,0
2026-01-09,N,Bowling Green,Akron,67,77,0
2026-01-09,N,Fairfield,Rider,68,62,1
2026-01-09,N,Oakland,Cleveland State,97,74,1
2026-01-09,N,Detroit Mercy,Wright State,82,84,0
2026-01-09,N,Green Bay,IU Indianapolis,75,59,1
2026-01-09,N,Siena,Merrimack,59,63,0
2026-01-09,N,Mount St. Mary's,Saint Peter's,70,65,1
2026-01-09,N,Iona,Niagara,71,53,1
2026-01-09,N,Sacred Heart,Marist,72,76,0
2026-01-09,N,Manhattan,Canisius,64,70,0
2026-01-09,N,Toledo,Miami (OH),73,87,0
2026-01-09,N,Youngstown State,Bryant & Stratton (Ohio),99,61,1
2026-01-08,N,Gonzaga,Santa Clara,89,77,1
2026-01-08,N,Loyola Marymount,San Francisco,84,82,1
2026-01-08,N,Oregon,Ohio State,62,72,0
2026-01-08,N,Oregon State,Seattle U,68,55,1
2026-01-08,N,Portland,Pacific,90,89,1
2026-01-08,N,Cal State Northridge,Cal Poly,95,90,1
2026-01-08,N,UC Irvine,Long Beach State,74,64,1
2026-01-08,N,UC San Diego,Cal State Fullerton,71,88,0
2026-01-08,N,California Baptist,Utah Tech,84,72,1
2026-01-08,N,San Diego,Pepperdine,83,63,1
2026-01-08,N,Cal State Bakersfield,UC Riverside,67,66,1
2026-01-08,N,UC Santa Barbara,UC Davis,86,93,0
2026-01-08,N,Idaho,Montana,73,79,0
2026-01-08,N,Eastern Washington,Montana State,64,68,0
2026-01-08,N,UTEP,Middle Tennessee,83,80,1
2026-01-08,N,New Mexico State,Western Kentucky,80,64,1
2026-01-08,N,Louisiana,UL Monroe,85,79,1
2026-01-08,N,Illinois,Rutgers,81,55,1
2026-01-08,N,Western Illinois,Tennessee State,68,90,0
2026-01-08,N,Southern Indiana,Southeast Missouri State,76,84,0
2026-01-08,N,SIU Edwardsville,Little Rock,70,73,0
2026-01-08,N,Eastern Illinois,Tennessee Tech,71,61,1
2026-01-08,N,South Dakota State,Denver,87,79,1
2026-01-08,N,Kansas City,North Dakota State,73,97,0
2026-01-08,N,Omaha,North Dakota,90,79,1
2026-01-08,N,Southern Miss,Texas State,80,70,1
2026-01-08,N,Northern Arizona,Weber State,65,78,0
2026-01-08,N,Northern Colorado,Idaho State,85,72,1
2026-01-08,N,Utah Valley,Southern Utah,89,72,1
2026-01-08,N,Tarleton State,Abilene Christian,80,84,0
2026-01-08,N,Morehead State,UT Martin,68,76,0
2026-01-08,N,Sam Houston,Delaware,72,60,1
2026-01-08,N,Central Connecticut,Stonehill,76,69,1
2026-01-08,N,Wagner,Saint Francis,69,71,0
2026-01-08,N,Long Island University,Mercyhurst,60,58,1
2026-01-08,N,Le Moyne,New Haven,73,47,1
2026-01-08,N,NJIT,New Hampshire,80,76,1
2026-01-08,N,Vermont,Binghamton,60,59,1
2026-01-08,N,Northeastern,UNC Wilmington,78,87,0
2026-01-08,N,North Carolina A&T,Elon,64,69,0
2026-01-08,N,Campbell,Hampton,86,72,1
2026-01-08,N,Monmouth,William & Mary,81,70,1
2026-01-08,N,Drexel,Stony Brook,56,37,1
2026-01-08,N,Georgia State,App State,50,52,0
2026-01-08,N,Coastal Carolina,Old Dominion,66,70,0
2026-01-08,N,North Florida,West Georgia,73,85,0
2026-01-08,N,Jacksonville,Queens University,51,77,0
2026-01-08,N,Eastern Kentucky,North Alabama,88,80,1
2026-01-08,N,Stetson,Lipscomb,91,83,1
2026-01-08,N,Bellarmine,Central Arkansas,84,78,1
2026-01-08,N,Florida Gulf Coast,Austin Peay,71,82,0
2026-01-08,N,Louisiana Tech,Liberty,56,72,0
2026-01-08,N,Michigan State,Northwestern,76,66,1
2026-01-08,N,Bryant,UMass Lowell,63,77,0
2026-01-08,N,UMBC,Maine,69,62,1
2026-01-08,N,Fairleigh Dickinson,Chicago State,70,63,1
2026-01-08,N,Towson,Hofstra,67,78,0
2026-01-07,N,Boise State,Grand Canyon,58,75,0
2026-01-07,N,Arizona,Kansas State,101,76,1
2026-01-07,N,BYU,Arizona State,104,76,1
2026-01-07,N,Vanderbilt,Alabama,96,90,1
2026-01-07,N,Ole Miss,Arkansas,87,94,0
2026-01-07,N,Virginia,California,84,60,1
2026-01-07,N,Clemson,SMU,74,70,1
2026-01-07,N,Bradley,Drake,93,66,1
2026-01-07,N,Loyola Chicago,Davidson,64,79,0
2026-01-07,N,Colorado,Utah,85,73,1
2026-01-07,N,St. Thomas-Minnesota,South Dakota,99,86,1
2026-01-07,N,Purdue,Washington,81,73,1
2026-01-07,N,Baylor,Iowa State,60,70,0
2026-01-07,N,Valparaiso,Illinois State,77,71,1
2026-01-07,N,UIC,Southern Illinois,70,57,1
2026-01-07,N,Evansville,Murray State,69,79,0
2026-01-07,N,North Texas,South Florida,70,74,0
2026-01-07,N,UTSA,Charlotte,58,74,0
2026-01-07,N,Arkansas State,Troy,86,74,1
2026-01-07,N,Wichita State,Rice,64,66,0
2026-01-07,N,UAB,Florida Atlantic,71,76,0
2026-01-07,N,Villanova,Creighton,72,76,0
2026-01-07,N,Youngstown State,Purdue Fort Wayne,69,71,0
2026-01-07,N,Providence,UConn,98,103,0
2026-01-07,N,Northern Iowa,Belmont,65,78,0
2026-01-07,N,Colgate,American University,64,62,1
2026-01-07,N,VCU,Saint Louis,62,71,0
2026-01-07,N,St. Bonaventure,Richmond,80,89,0
2026-01-07,N,Rhode Island,La Salle,72,79,0
2026-01-07,N,Fordham,George Mason,58,67,0
2026-01-07,N,Saint Joseph's,Duquesne,97,90,1
2026-01-07,N,Temple,East Carolina,75,67,1
2026-01-07,N,Lafayette,Boston University,67,83,0
2026-01-07,N,Radford,Presbyterian,80,61,1
2026-01-07,N,High Point,Gardner-Webb,104,49,1
2026-01-07,N,Marquette,Xavier,66,65,1
2026-01-07,N,Wake Forest,Miami,77,81,0
2026-01-07,N,Virginia Tech,Stanford,68,69,0
2026-01-07,N,Navy,Bucknell,76,55,1
2026-01-07,N,Samford,Western Carolina,82,77,1
2026-01-07,N,Mercer,The Citadel,101,63,1
2026-01-07,N,East Tennessee State,VMI,81,67,1
2026-01-07,N,James Madison,Marshall,64,66,0
2026-01-07,N,Kentucky,Missouri,68,73,0
2026-01-07,N,Mississippi State,Oklahoma,72,53,1
2026-01-07,N,Kennesaw State,Missouri State,90,80,1
2026-01-07,N,Jacksonville State,Florida International,71,64,1
2026-01-07,N,Maryland,Indiana,66,84,0
2026-01-07,N,UNC Asheville,Longwood,72,61,1
2026-01-07,N,Winthrop,Charleston Southern,81,77,1
2026-01-07,N,Lehigh,Holy Cross,66,58,1
2026-01-07,N,Army,Loyola Maryland,76,84,0
2026-01-07,N,Wofford,UNC Greensboro,97,85,1
2026-01-07,N,Chattanooga,Furman,67,78,0
2026-01-06,N,Nevada,San Diego State,68,73,0
2026-01-06,N,Wyoming,UNLV,98,66,1
2026-01-06,N,San José State,Fresno State,55,70,0
2026-01-06,N,Houston,Texas Tech,69,65,1
2026-01-06,N,Tennessee,Texas,85,71,1
2026-01-06,N,Kansas,TCU,104,100,1
2026-01-06,N,Colorado State,New Mexico,70,80,0
2026-01-06,N,Wisconsin,UCLA,80,72,1
2026-01-06,N,Boston College,NC State,71,79,0
2026-01-06,N,Air Force,Utah State,62,99,0
2026-01-06,N,Auburn,Texas A&M,88,90,0
2026-01-06,N,SIU Edwardsville,Lindenwood,66,62,1
2026-01-06,N,Minnesota,Iowa,70,67,1
2026-01-06,N,Oklahoma State,UCF,87,76,1
2026-01-06,N,Dayton,George Washington,79,72,1
2026-01-06,N,DePaul,Georgetown,56,50,1
2026-01-06,N,Northern Illinois,Toledo,61,75,0
2026-01-06,N,Penn State,Michigan,72,74,0
2026-01-06,N,Louisville,Duke,73,84,0
2026-01-06,N,Florida,Georgia,92,77,1
2026-01-06,N,West Virginia,Cincinnati,62,60,1
2026-01-06,N,Butler,St. John's,70,84,0
2026-01-06,N,Georgia Tech,Syracuse,72,82,0
2026-01-06,N,Miami (OH),Western Michigan,87,76,1
2026-01-06,N,Ball State,Eastern Michigan,52,74,0
2026-01-06,N,Akron,Central Michigan,82,69,1
2026-01-06,N,Kent State,Bowling Green,96,93,1
2026-01-06,N,LSU,South Carolina,68,78,0
2026-01-06,N,Ohio,Massachusetts,86,83,1
2026-01-05,N,Michigan State,USC,80,51,1
2026-01-05,N,Mississippi Valley State,Alabama A&M,51,71,0
2026-01-05,N,Houston Christian,Texas A&M-Corpus Christi,65,81,0
2026-01-05,N,New Orleans,East Texas A&M,83,73,1
2026-01-05,N,Grambling,Texas Southern,84,67,1
2026-01-05,N,UT Rio Grande Valley,Incarnate Word,80,67,1
2026-01-05,N,Nicholls,Northwestern State,74,72,1
2026-01-05,N,McNeese,Stephen F. Austin,66,64,1
2026-01-05,N,Southern,Prairie View A&M,85,89,0
2026-01-05,N,Rutgers,Oregon,88,85,1
2026-01-05,N,Brown,Yale,53,70,0
2026-01-05,N,Green Bay,Milwaukee,79,76,1
2026-01-05,N,Harvard,Dartmouth,68,76,0
2026-01-05,N,Princeton,Pennsylvania,78,76,1
2026-01-05,N,Charleston,William & Mary,88,79,1
2026-01-05,N,SE Louisiana,Lamar,60,52,1
2026-01-05,N,Ohio State,Nebraska,69,72,0
2026-01-05,N,Arkansas-Pine Bluff,Alabama State,90,79,1
2026-01-05,N,Cornell,Columbia,99,104,0
2026-01-04,N,Gonzaga,Loyola Marymount,82,47,1
2026-01-04,N,Saint Mary's,Seattle U,93,76,1
2026-01-04,N,Indiana,Washington,90,80,1
2026-01-04,N,Washington State,Oregon State,81,67,1
2026-01-04,N,Santa Clara,San Diego,98,70,1
2026-01-04,N,San Francisco,Portland,73,68,1
2026-01-04,N,Pacific,Pepperdine,74,69,1
2026-01-04,N,Murray State,Bradley,86,66,1
2026-01-04,N,Belmont,Southern Illinois,67,68,0
2026-01-04,N,Evansville,Northern Iowa,48,62,0
2026-01-04,N,North Texas,Tulsa,72,67,1
2026-01-04,N,Northern Kentucky,Youngstown State,94,79,1
2026-01-04,N,Wagner,Stonehill,60,69,0
2026-01-04,N,Saint Francis,Fairleigh Dickinson,85,82,1
2026-01-04,N,Florida International,UTEP,76,64,1
2026-01-04,N,Valparaiso,UIC,66,59,1
2026-01-04,N,Drake,Indiana State,74,72,1
2026-01-04,N,Oakland,Robert Morris,96,73,1
2026-01-04,N,Western Kentucky,Louisiana Tech,66,61,1
2026-01-04,N,Missouri State,New Mexico State,89,82,1
2026-01-04,N,UConn,Marquette,73,57,1
2026-01-04,N,Purdue Fort Wayne,Cleveland State,74,71,1
2026-01-04,N,IU Indianapolis,Wright State,77,81,0
2026-01-04,N,Rider,Siena,65,74,0
2026-01-04,N,Quinnipiac,Mount St. Mary's,80,69,1
2026-01-04,N,Niagara,Fairfield,75,83,0
2026-01-04,N,Marist,Iona,83,38,1
2026-01-04,N,Chicago State,Long Island University,55,74,0
2026-01-04,N,Mercyhurst,Le Moyne,74,60,1
2026-01-04,N,Delaware,Kennesaw State,67,52,1
2026-01-04,N,Liberty,Jacksonville State,78,69,1
2026-01-04,N,Middle Tennessee,Sam Houston,68,67,1
2026-01-04,N,Tulane,Florida Atlantic,69,66,1
2026-01-04,N,South Florida,UAB,106,109,0
2026-01-04,N,St. Thomas-Minnesota,Denver,92,88,1
2026-01-04,N,Central Connecticut,New Haven,72,61,1
2026-01-04,N,Fordham,Richmond,75,83,0
2026-01-04,N,Seton Hall,Creighton,56,54,1
2026-01-04,N,Canisius,Sacred Heart,82,78,1
2026-01-04,N,Merrimack,Manhattan,73,66,1
2026-01-03,N,San Diego State,Boise State,110,107,1
2026-01-03,N,UC San Diego,Hawai'i,83,73,1
2026-01-03,N,Long Beach State,Cal Poly,74,66,1
2026-01-03,N,Weber State,Sacramento State,95,82,1
2026-01-03,N,Missouri,Florida,76,74,1
2026-01-03,N,Southern Utah,UT Arlington,77,86,0
2026-01-03,N,Wisconsin,Purdue,73,89,0
2026-01-03,N,New Mexico,Wyoming,78,58,1
2026-01-03,N,Grand Canyon,Colorado State,60,70,0
2026-01-03,N,Omaha,Kansas City,66,73,0
2026-01-03,N,Montana State,Northern Arizona,77,68,1
2026-01-03,N,Penn State,Illinois,65,73,0
2026-01-03,N,Fresno State,Nevada,65,66,0
2026-01-03,N,UNC Wilmington,Hampton,49,45,1
2026-01-03,N,Cal State Fullerton,UC Irvine,64,86,0
2026-01-03,N,Mississippi Valley State,Alabama State,69,89,0
2026-01-03,N,Arkansas-Pine Bluff,Alabama A&M,95,83,1
2026-01-03,N,Charlotte,Wichita State,104,100,1
2026-01-03,N,Iowa,UCLA,74,61,1
2026-01-03,N,Saint Joseph's,Davidson,56,62,0
2026-01-03,N,Southern,Texas Southern,84,73,1
2026-01-03,N,Towson,Monmouth,48,62,0
2026-01-03,N,Montana,Northern Colorado,88,79,1
2026-01-03,N,Idaho State,Portland State,87,93,0
2026-01-03,N,Texas,Mississippi State,98,101,0
2026-01-03,N,Grambling,Prairie View A&M,76,72,1
2026-01-03,N,UT Rio Grande Valley,Texas A&M-Corpus Christi,59,63,0
2026-01-03,N,Arizona State,Colorado,89,95,0
2026-01-03,N,Bucknell,Lehigh,72,65,1
2026-01-03,N,Northwestern,Minnesota,78,84,0
2026-01-03,N,UNLV,Air Force,67,39,1
2026-01-03,N,Incarnate Word,Houston Christian,73,56,1
2026-01-03,N,Loyola Maryland,Lafayette,64,79,0
2026-01-03,N,UC Davis,Cal State Bakersfield,79,81,0
2026-01-03,N,Idaho,Eastern Washington,84,81,1
2026-01-03,N,Lipscomb,North Florida,82,74,1
2026-01-03,N,Austin Peay,Jacksonville,71,68,1
2026-01-03,N,Tarleton State,California Baptist,81,76,1
2026-01-03,N,Southeast Missouri State,Western Illinois,73,50,1
2026-01-03,N,South Carolina State,Howard,58,57,1
2026-01-03,N,North Carolina Central,Norfolk State,69,67,1
2026-01-03,N,Jackson State,Alcorn State,89,86,1
2026-01-03,N,Maryland Eastern Shore,Morgan State,66,49,1
2026-01-03,N,Delaware State,Coppin State,51,53,0
2026-01-03,N,SE Louisiana,Stephen F. Austin,63,73,0
2026-01-03,N,Northwestern State,New Orleans,74,68,1
2026-01-03,N,Nicholls,East Texas A&M,80,58,1
2026-01-03,N,Troy,South Alabama,59,49,1
2026-01-03,N,SIU Edwardsville,Morehead State,72,73,0
2026-01-03,N,Little Rock,Tennessee State,79,84,0
2026-01-03,N,Lindenwood,Southern Indiana,83,80,1
2026-01-03,N,UT Martin,Eastern Illinois,65,61,1
2026-01-03,N,Utah,Arizona,78,97,0
2026-01-03,N,George Mason,Rhode Island,61,50,1
2026-01-03,N,Utah State,San José State,96,78,1
2026-01-03,N,Winthrop,Gardner-Webb,88,77,1
2026-01-03,N,Cal State Northridge,UC Santa Barbara,74,65,1
2026-01-03,N,North Dakota State,Oral Roberts,79,77,1
2026-01-03,N,Stony Brook,North Carolina A&T,81,80,1
2026-01-03,N,UNC Greensboro,Samford,89,82,1
2026-01-03,N,Furman,Western Carolina,77,80,0
2026-01-03,N,East Tennessee State,Mercer,77,71,1
2026-01-03,N,Marshall,App State,88,81,1
2026-01-03,N,Texas A&M,LSU,75,72,1
2026-01-03,N,Abilene Christian,Utah Valley,85,68,1
2026-01-03,N,Florida State,Duke,87,91,0
2026-01-03,N,UL Monroe,Texas State,79,84,0
2026-01-03,N,Bethune-Cookman,Florida A&M,87,83,1
2026-01-03,N,Miami (OH),Akron,76,73,1
2026-01-03,N,Old Dominion,Georgia Southern,86,93,0
2026-01-03,N,Oklahoma,Ole Miss,86,70,1
2026-01-03,N,Arkansas,Tennessee,86,75,1
2026-01-03,N,Rice,Memphis,70,76,0
2026-01-03,N,Central Michigan,Toledo,75,78,0
2026-01-03,N,Arkansas State,James Madison,74,78,0
2026-01-03,N,North Alabama,Florida Gulf Coast,55,72,0
2026-01-03,N,Queens University,Bellarmine,98,76,1
2026-01-03,N,SMU,North Carolina,97,83,1
2026-01-03,N,Georgia Tech,Boston College,65,53,1
2026-01-03,N,Cincinnati,Houston,60,67,0
2026-01-03,N,South Carolina,Vanderbilt,71,83,0
2026-01-03,N,UCF,Kansas,81,75,1
2026-01-03,N,George Washington,La Salle,77,55,1
2026-01-03,N,Loyola Chicago,Dayton,68,70,0
2026-01-03,N,TCU,Baylor,69,63,1
2026-01-03,N,Presbyterian,South Carolina Upstate,86,77,1
2026-01-03,N,Charleston Southern,UNC Asheville,86,83,1
2026-01-03,N,High Point,Longwood,80,67,1
2026-01-03,N,DePaul,Xavier,86,77,1
2026-01-03,N,Holy Cross,Navy,58,65,0
2026-01-03,N,North Dakota,South Dakota State,90,87,1
2026-01-03,N,Eastern Michigan,Ohio,67,68,0
2026-01-03,N,Massachusetts,Bowling Green,100,101,0
2026-01-03,N,Buffalo,Ball State,85,72,1
2026-01-03,N,Binghamton,NJIT,65,73,0
2026-01-03,N,Maine,Bryant,51,56,0
2026-01-03,N,UMass Lowell,UAlbany,83,71,1
2026-01-03,N,Drexel,Hofstra,67,70,0
2026-01-03,N,Central Arkansas,Stetson,93,73,1
2026-01-03,N,West Georgia,Eastern Kentucky,88,76,1
2026-01-03,N,Kansas State,BYU,73,83,0
2026-01-03,N,Texas Tech,Oklahoma State,102,80,1
2026-01-03,N,Georgia,Auburn,104,100,1
2026-01-03,N,Army,Colgate,69,76,0
2026-01-03,N,Boston University,American University,62,64,0
2026-01-03,N,Kent State,Northern Illinois,77,73,1
2026-01-03,N,New Hampshire,Vermont,61,80,0
2026-01-03,N,VMI,Chattanooga,79,71,1
2026-01-03,N,The Citadel,Wofford,86,95,0
2026-01-03,N,Louisiana,Southern Miss,67,74,0
2026-01-03,N,Coastal Carolina,Georgia State,71,89,0
2026-01-03,N,Alabama,Kentucky,89,74,1
2026-01-03,N,Duquesne,VCU,80,93,0
2026-01-03,N,Temple,UTSA,76,57,1
2026-01-03,N,Butler,Villanova,67,85,0
2026-01-03,N,St. John's,Providence,71,77,0
2026-01-03,N,Wake Forest,Virginia Tech,81,78,1
2026-01-03,N,Pittsburgh,Clemson,68,73,0
2026-01-03,N,Campbell,Northeastern,97,82,1
2026-01-03,N,NC State,Virginia,61,76,0
2026-01-02,N,California,Notre Dame,72,71,1
2026-01-02,N,San Francisco,San Diego,74,64,1
2026-01-02,N,Saint Mary's,Portland,78,57,1
2026-01-02,N,Santa Clara,Pepperdine,82,63,1
2026-01-02,N,Pacific,Oregon State,84,53,1
2026-01-02,N,Washington State,Loyola Marymount,78,76,1
2026-01-02,N,Iowa State,West Virginia,80,59,1
2026-01-02,N,Gonzaga,Seattle U,80,72,1
2026-01-02,N,Nebraska,Michigan State,58,56,1
2026-01-02,N,Stanford,Louisville,80,76,1
2026-01-02,N,Rutgers,Ohio State,73,80,0
2026-01-02,N,Missouri State,UTEP,79,55,1
2026-01-02,N,Maryland,Oregon,54,64,0
2026-01-02,N,Mercyhurst,Fairleigh Dickinson,67,74,0
2026-01-02,N,Middle Tennessee,Louisiana Tech,88,51,1
2026-01-02,N,Michigan,USC,96,66,1
2026-01-02,N,Detroit Mercy,Robert Morris,77,85,0
2026-01-02,N,Iona,Siena,75,72,1
2026-01-02,N,Saint Peter's,Marist,69,59,1
2026-01-02,N,Manhattan,Quinnipiac,80,79,1
2026-01-02,N,Chicago State,Wagner,72,79,0
2026-01-02,N,Stonehill,New Haven,55,70,0
2026-01-02,N,Long Island University,Central Connecticut,84,78,1
2026-01-02,N,Saint Francis,Le Moyne,58,84,0
2026-01-02,N,McNeese,Lamar,82,70,1
2026-01-02,N,Liberty,Kennesaw State,81,73,1
2026-01-02,N,Delaware,Jacksonville State,64,67,0
2026-01-02,N,Western Kentucky,Sam Houston,102,91,1
2026-01-02,N,Niagara,Sacred Heart,64,61,1
2026-01-02,N,Canisius,Fairfield,85,81,1
2026-01-02,N,Merrimack,Mount St. Mary's,75,65,1
2026-01-02,N,Cornell,Alfred State,133,65,1
2026-01-02,N,Florida International,New Mexico State,89,74,1
2026-01-01,N,Cal State Fullerton,UC Santa Barbara,95,84,1
2026-01-01,N,Cal Poly,UC San Diego,67,65,1
2026-01-01,N,UIC,Murray State,77,81,0
2026-01-01,N,Montana State,Northern Colorado,89,75,1
2026-01-01,N,Idaho State,Sacramento State,97,84,1
2026-01-01,N,Southeast Missouri State,Eastern Illinois,68,59,1
2026-01-01,N,Northern Iowa,Indiana State,75,66,1
2026-01-01,N,UC Riverside,Hawai'i,45,88,0
2026-01-01,N,Austin Peay,North Florida,102,83,1
2026-01-01,N,Tarleton State,Utah Valley,85,91,0
2026-01-01,N,Abilene Christian,Utah Tech,64,79,0
2026-01-01,N,Belmont,Bradley,88,78,1
2026-01-01,N,Queens University,Eastern Kentucky,91,89,1
2026-01-01,N,West Georgia,Bellarmine,87,85,1
2026-01-01,N,Montana,Northern Arizona,78,64,1
2026-01-01,N,Little Rock,Tennessee Tech,77,58,1
2026-01-01,N,South Dakota State,Omaha,84,69,1
2026-01-01,N,UC Davis,Cal State Northridge,89,80,1
2026-01-01,N,Cal State Bakersfield,UC Irvine,77,81,0
2026-01-01,N,UL Monroe,Southern Miss,73,87,0
2026-01-01,N,UT Martin,Western Illinois,67,60,1
2026-01-01,N,SIU Edwardsville,Southern Indiana,59,55,1
2026-01-01,N,Lindenwood,Morehead State,77,64,1
2026-01-01,N,UNC Greensboro,Chattanooga,77,72,1
2026-01-01,N,Weber State,Portland State,90,95,0
2026-01-01,N,Southern Illinois,Valparaiso,75,70,1
2026-01-01,N,Illinois State,Evansville,73,47,1
2026-01-01,N,UT Arlington,California Baptist,63,51,1
2026-01-01,N,North Dakota,Oral Roberts,72,61,1
2026-01-01,N,Northern Kentucky,IU Indianapolis,81,72,1
2026-01-01,N,Wright State,Milwaukee,76,70,1
2026-01-01,N,Purdue Fort Wayne,Green Bay,54,72,0
2026-01-01,N,Lipscomb,Jacksonville,76,57,1
2026-01-01,N,Central Arkansas,Florida Gulf Coast,85,83,1
2026-01-01,N,Dartmouth,Elms College,107,43,1
2026-01-01,N,Youngstown State,Oakland,83,85,0
2026-01-01,N,VMI,Samford,58,78,0
2026-01-01,N,Coastal Carolina,Georgia Southern,81,82,0
2026-01-01,N,North Alabama,Stetson,67,70,0
2025-12-31,N,Georgetown,St. John's,83,95,0
2025-12-31,N,UNC Wilmington,Drexel,65,53,1
2025-12-31,N,Villanova,DePaul,71,66,1
2025-12-31,N,UT Rio Grande Valley,Nicholls,69,71,0
2025-12-31,N,Xavier,UConn,67,90,0
2025-12-31,N,North Dakota State,South Dakota,84,61,1
2025-12-31,N,Northwestern State,Stephen F. Austin,64,74,0
2025-12-31,N,Texas A&M-Corpus Christi,New Orleans,83,69,1
2025-12-31,N,Duke,Georgia Tech,85,79,1
2025-12-31,N,Saint Louis,Saint Joseph's,102,79,1
2025-12-31,N,Richmond,George Washington,85,99,0
2025-12-31,N,Memphis,North Texas,57,48,1
2025-12-31,N,UAB,Wichita State,70,75,0
2025-12-31,N,Denver,Kansas City,87,74,1
2025-12-31,N,Marshall,Georgia State,84,80,1
2025-12-31,N,Lafayette,Colgate,77,85,0
2025-12-31,N,Longwood,Winthrop,82,70,1
2025-12-31,N,North Carolina A&T,Northeastern,74,85,0
2025-12-31,N,Hampton,Towson,63,62,1
2025-12-31,N,Virginia Tech,Virginia,95,85,1
2025-12-31,N,VCU,St. Bonaventure,89,82,1
2025-12-31,N,La Salle,George Mason,75,80,0
2025-12-31,N,Dayton,Fordham,63,56,1
2025-12-31,N,Tulsa,Rice,97,48,1
2025-12-31,N,Holy Cross,Bucknell,65,58,1
2025-12-31,N,South Carolina Upstate,Radford,69,76,0
2025-12-31,N,UNC Asheville,High Point,69,87,0
2025-12-31,N,Gardner-Webb,Charleston Southern,79,89,0
2025-12-31,N,Syracuse,Clemson,61,64,0
2025-12-31,N,Columbia,Penn St Abington,106,51,1
2025-12-31,N,Pennsylvania,NJIT,80,61,1
2025-12-31,N,Elon,Charleston,81,85,0
2025-12-31,N,Monmouth,Campbell,65,68,0
2025-12-31,N,William & Mary,Stony Brook,76,57,1
2025-12-31,N,Troy,Texas State,100,80,1
2025-12-31,N,Old Dominion,App State,73,81,0
2025-12-31,N,Florida Atlantic,UTSA,110,70,1
2025-12-31,N,American University,Loyola Maryland,84,69,1
2025-12-31,N,Navy,Boston University,82,77,1
2025-12-31,N,Northern Illinois,Buffalo,67,81,0
2025-12-31,N,Western Carolina,Wofford,74,79,0
2025-12-31,N,Louisiana,South Alabama,58,63,0
2025-12-31,N,Rhode Island,Loyola Chicago,57,61,0
2025-12-31,N,East Carolina,Tulane,70,79,0
2025-12-31,N,Lehigh,Army,78,85,0
2025-12-31,N,NC State,Wake Forest,70,57,1
2025-12-31,N,Brown,Johnson & Wales (RI),105,47,1
2025-12-31,N,Furman,Mercer,74,72,1
2025-12-31,N,East Texas A&M,Lamar,62,69,0
2025-12-30,N,Boise State,New Mexico,62,53,1
2025-12-30,N,Seattle U,Washington State,69,55,1
2025-12-30,N,Portland,Santa Clara,85,92,0
2025-12-30,N,Oregon State,San Francisco,70,62,1
2025-12-30,N,Loyola Marymount,Pacific,80,71,1
2025-12-30,N,San José State,San Diego State,68,81,0
2025-12-30,N,Long Beach State,Lincoln University (CA),113,66,1
2025-12-30,N,San Diego,Gonzaga,93,99,0
2025-12-30,N,Creighton,Butler,89,85,1
2025-12-30,N,Nebraska,New Hampshire,86,55,1
2025-12-30,N,California,Louisville,70,90,0
2025-12-30,N,Colorado State,Nevada,62,75,0
2025-12-30,N,Pepperdine,Saint Mary's,45,72,0
2025-12-30,N,Fresno State,Utah State,63,72,0
2025-12-30,N,Stanford,Notre Dame,40,47,0
2025-12-30,N,Tennessee Tech,Tennessee State,76,88,0
2025-12-30,N,Tennessee,South Carolina State,105,54,1
2025-12-30,N,Arkansas State,Arkansas Tech,107,63,1
2025-12-30,N,Eastern Michigan,Massachusetts,80,74,1
2025-12-30,N,Texas Southern,Huston-Tillotson,80,56,1
2025-12-30,N,North Carolina,Florida State,79,66,1
2025-12-30,N,Davidson,Duquesne,83,89,0
2025-12-30,N,Charlotte,Temple,73,76,0
2025-12-30,N,Marquette,Seton Hall,73,79,0
2025-12-30,N,Wisconsin,Milwaukee,80,60,1
2025-12-30,N,Miami,Pittsburgh,76,69,1
2025-12-30,N,Bowling Green,Miami (OH),83,93,0
2025-12-30,N,Toledo,Western Michigan,84,79,1
2025-12-30,N,South Carolina,UAlbany,96,67,1
2025-12-30,N,Alabama A&M,Fisk,90,58,1
2025-12-30,N,Morgan State,Penn State (Brandywine),92,55,1
2025-12-30,N,The Citadel,East Tennessee State,49,74,0
2025-12-30,N,Northwestern,Howard,80,60,1
2025-12-30,N,Air Force,Wyoming,56,68,0
2025-12-30,N,Incarnate Word,SE Louisiana,79,70,1
2025-12-30,N,Central Michigan,Ohio,64,80,0
2025-12-30,N,Maine,Maine-Fort Kent,104,66,1
2025-12-30,N,Grambling,Centenary (LA),90,58,1
2025-12-30,N,Princeton,Vermont,75,69,1
2025-12-29,N,Washington,Utah,74,65,1
2025-12-29,N,Auburn,Queens University,106,65,1
2025-12-29,N,UNLV,La Sierra,89,47,1
2025-12-29,N,Arizona,South Dakota State,99,71,1
2025-12-29,N,Drake,Illinois State,56,73,0
2025-12-29,N,Minnesota,Fairleigh Dickinson,60,43,1
2025-12-29,N,Utah Tech,Southern Utah,80,66,1
2025-12-29,N,Texas A&M-Corpus Christi,Nicholls,71,76,0
2025-12-29,N,UT Rio Grande Valley,New Orleans,69,85,0
2025-12-29,N,Iowa State,Houston Christian,89,61,1
2025-12-29,N,Houston,Middle Tennessee,69,60,1
2025-12-29,N,Alabama,Yale,102,78,1
2025-12-29,N,Arkansas,James Madison,103,74,1
2025-12-29,N,South Alabama,Mobile,85,52,1
2025-12-29,N,Northern Iowa,Valparaiso,58,48,1
2025-12-29,N,Bradley,Evansville,76,68,1
2025-12-29,N,Ole Miss,Alcorn State,79,43,1
2025-12-29,N,LSU,Southern Miss,90,62,1
2025-12-29,N,Texas A&M,Prairie View A&M,111,82,1
2025-12-29,N,Oklahoma,Mississippi Valley State,93,69,1
2025-12-29,N,Northern Arizona,Benedictine (AZ),112,60,1
2025-12-29,N,Milwaukee,Purdue Fort Wayne,77,55,1
2025-12-29,N,Oklahoma State,Bethune-Cookman,103,77,1
2025-12-29,N,TCU,Jackson State,115,64,1
2025-12-29,N,Utah Valley,California Baptist,73,66,1
2025-12-29,N,UT Arlington,Tarleton State,63,69,0
2025-12-29,N,Mississippi State,Alabama State,94,56,1
2025-12-29,N,Northwestern State,Lamar,61,76,0
2025-12-29,N,East Texas A&M,Stephen F. Austin,48,75,0
2025-12-29,N,Louisiana Tech,UTEP,75,63,1
2025-12-29,N,Michigan,McNeese,112,71,1
2025-12-29,N,Purdue,Kent State,101,60,1
2025-12-29,N,Michigan State,Cornell,114,97,1
2025-12-29,N,Vanderbilt,New Haven,96,53,1
2025-12-29,N,Georgia,Long Island University,89,74,1
2025-12-29,N,Murray State,Southern Illinois,84,81,1
2025-12-29,N,Indiana State,Belmont,81,80,1
2025-12-29,N,Rutgers,Delaware State,65,50,1
2025-12-29,N,Fairfield,Saint Peter's,66,70,0
2025-12-29,N,Ball State,Earlham College,93,30,1
2025-12-29,N,Akron,Concord,115,64,1
2025-12-29,N,Cincinnati,Lipscomb,89,62,1
2025-12-29,N,Wright State,Oakland,88,73,1
2025-12-29,N,Robert Morris,Northern Kentucky,77,79,0
2025-12-29,N,Cleveland State,IU Indianapolis,99,86,1
2025-12-29,N,Mount St. Mary's,Iona,66,59,1
2025-12-29,N,Rider,Manhattan,71,74,0
2025-12-29,N,North Carolina A&T,UNC Wilmington,78,87,0
2025-12-29,N,Charleston,Drexel,72,63,1
2025-12-29,N,Hofstra,Campbell,86,72,1
2025-12-29,N,Hampton,Stony Brook,62,59,1
2025-12-29,N,Elon,Northeastern,103,91,1
2025-12-29,N,Jacksonville State,Western Kentucky,78,67,1
2025-12-29,N,Youngstown State,Detroit Mercy,68,73,0
2025-12-29,N,Florida,Dartmouth,94,72,1
2025-12-29,N,Coppin State,UMBC,59,93,0
2025-12-29,N,Iowa,UMass Lowell,90,62,1
2025-12-29,N,William & Mary,Towson,84,70,1
2025-12-29,N,South Florida,Georgia College,111,50,1
2025-12-29,N,NJIT,SUNY-Canton,95,60,1
2025-12-29,N,UIC,Illinois Tech,102,64,1
2025-12-29,N,Binghamton,Elmira,100,60,1
2025-12-29,N,Baylor,Arlington Baptist,124,61,1
2025-12-29,N,Quinnipiac,Marist,64,58,1
2025-12-29,N,Illinois,Southern,90,55,1
2025-12-29,N,Sacred Heart,Merrimack,72,80,0
2025-12-29,N,Delaware,Missouri State,43,61,0
2025-12-29,N,Penn State,North Carolina Central,90,67,1
2025-12-28,N,Pepperdine,Gonzaga,56,96,0
2025-12-28,N,Seattle U,San Francisco,59,67,0
2025-12-28,N,Oregon,Omaha,80,57,1
2025-12-28,N,Loyola Marymount,Saint Mary's,73,78,0
2025-12-28,N,UC San Diego,Stanton,85,62,1
2025-12-28,N,Kansas City,McPherson,91,78,1
2025-12-28,N,Oregon State,Santa Clara,64,102,0
2025-12-28,N,San Diego,Pacific,66,54,1
2025-12-28,N,Maryland,Old Dominion,73,58,1
2025-12-28,N,Austin Peay,Fisk,110,59,1
2025-12-28,N,Georgia State,Columbia College (SC),110,72,1
2025-12-28,N,Portland,Washington State,62,67,0
2025-12-28,N,UC Davis,Pacific Union,108,52,1
2025-12-28,N,George Mason,Pennsylvania,83,79,1
2025-12-28,N,New Mexico State,University of The Southwest,104,33,1
2025-12-28,N,Presbyterian,Truett-McConnell,91,64,1
2025-12-28,N,Richmond,Charleston Southern,72,77,0
2025-12-28,N,Sam Houston,College Of Biblical Studies,117,57,1
2025-12-28,N,Louisiana,Norfolk State,63,54,1
2025-12-28,N,Longwood,Averett,92,49,1
2025-12-28,N,Colorado,Northern Colorado,81,86,0
2025-12-28,N,SMU,Cal State Fullerton,110,63,1
2025-12-28,N,Saint Louis,Principia College,114,33,1
2025-12-28,N,Georgia Tech,Florida A&M,89,65,1
2025-12-28,N,Radford,Shenandoah,87,44,1
2025-12-28,N,Texas Tech,Winthrop,87,57,1
2025-12-28,N,Mercer,Baptist (Fl),122,49,1
2025-12-28,N,Morehead State,Alice Lloyd College,115,65,1
2025-12-28,N,St. Thomas-Minnesota,North Central (MN),105,59,1
2025-12-28,N,North Dakota,Dakota State,88,56,1
2025-12-28,N,Wofford,Union (KY),88,54,1
2025-12-28,N,High Point,Pfeiffer,123,64,1
2025-12-28,N,Florida Gulf Coast,Fort Lauderdale,84,43,1
2025-12-28,N,Kansas State,UL Monroe,94,85,1
2025-12-28,N,North Florida,Columbia,82,90,0
2025-12-28,N,Boston College,Le Moyne,72,64,1
2025-12-28,N,Colgate,Harvard,69,78,0
2025-12-28,N,South Dakota,Mount Marty College,85,61,1
2025-12-28,N,Florida International,Liberty,94,97,0
2025-12-28,N,Bryant,Worcester State,95,59,1
2025-12-28,N,Saint Joseph's,Arcadia,87,65,1
2025-12-27,N,Stanford,Cal State Northridge,88,80,1
2025-12-27,N,Duquesne,Cleary University,99,49,1
2025-12-27,N,UNC Wilmington,Columbia College (SC),100,56,1
2025-12-23,N,Marshall,WVU Tech,102,52,1
2025-12-23,N,Seton Hall,Villanova,56,64,0
2025-12-23,N,Loyola Marymount,Morgan State,83,56,1
2025-12-23,N,St. John's,Harvard,85,59,1
2025-12-23,N,Cal State Bakersfield,Idaho,64,63,1
2025-12-23,N,UCLA,UC Riverside,97,65,1
2025-12-23,N,Missouri State,Lindenwood,70,65,1
2025-12-23,N,Ohio State,Grambling,89,63,1
2025-12-23,N,UCF,Florida Atlantic,85,80,1
2025-12-23,N,Kentucky,Bellarmine,99,85,1
2025-12-23,N,Campbell,Green Bay,102,79,1
2025-12-23,N,Army,Binghamton,95,85,1
2025-12-22,N,Washington,San Diego,86,56,1
2025-12-22,N,Cal State Northridge,Sacramento State,100,88,1
2025-12-22,N,Saint Mary's,Northern Iowa,63,58,1
2025-12-22,N,Arizona,Bethune-Cookman,107,71,1
2025-12-22,N,BYU,Eastern Washington,109,81,1
2025-12-22,N,Norfolk State,UC Irvine,70,89,0
2025-12-22,N,Oklahoma,Stetson,107,54,1
2025-12-22,N,North Carolina,East Carolina,99,51,1
2025-12-22,N,Kansas,Davidson,90,61,1
2025-12-22,N,Illinois,Missouri,91,48,1
2025-12-22,N,Memphis,Alabama State,88,67,1
2025-12-22,N,Little Rock,Williams Baptist,98,84,1
2025-12-22,N,Oral Roberts,UT Arlington,57,69,0
2025-12-22,N,Wisconsin,Central Michigan,88,61,1
2025-12-22,N,Grand Canyon,IU Indianapolis,91,78,1
2025-12-22,N,Texas,Maryland Eastern Shore,94,71,1
2025-12-22,N,Creighton,Utah Tech,92,69,1
2025-12-22,N,UTEP,North Dakota State,76,66,1
2025-12-22,N,LSU,Prairie View A&M,104,90,1
2025-12-22,N,Temple,Princeton,65,61,1
2025-12-22,N,Wright State,Eastern Michigan,70,64,1
2025-12-22,N,Florida State,Jacksonville,87,63,1
2025-12-22,N,Fairfield,City College NY,121,58,1
2025-12-22,N,Saint Joseph's,Coastal Carolina,62,68,0
2025-12-22,N,High Point,Bryant,93,47,1
2025-12-22,N,West Virginia,Mississippi Valley State,86,51,1
2025-12-22,N,Syracuse,Stonehill,77,48,1
2025-12-22,N,Rhode Island,Northeastern,85,77,1
2025-12-22,N,Duquesne,Canisius,103,59,1
2025-12-22,N,VCU,Rider,100,79,1
2025-12-22,N,Boston College,Fairleigh Dickinson,72,61,1
2025-12-22,N,Buffalo,Penn State-Behrend,92,63,1
2025-12-22,N,Georgetown,Coppin State,97,67,1
2025-12-22,N,Virginia,American University,95,51,1
2025-12-22,N,Indiana,Siena,81,60,1
2025-12-22,N,Texas Southern,Abilene Christian,68,75,0
2025-12-22,N,UC Santa Barbara,Portland,79,61,1
2025-12-22,N,Western Illinois,SIU Edwardsville,61,66,0
2025-12-22,N,South Carolina,South Carolina State,95,70,1
2025-12-22,N,Elon,Greensboro College,97,63,1
2025-12-22,N,Weber State,Lincoln University (CA),103,64,1
2025-12-22,N,San Diego State,Whittier,121,59,1
2025-12-22,N,Tulsa,Denver,90,85,1
2025-12-22,N,Montana State,Northwest University,93,54,1
2025-12-22,N,UTSA,Seattle U,68,71,0
2025-12-22,N,Eastern Illinois,East-West University,110,56,1
2025-12-22,N,Georgia,West Georgia,103,74,1
2025-12-22,N,North Texas,Science & Arts (OK),109,56,1
2025-12-22,N,Louisiana Tech,Dallas Christian,90,37,1
2025-12-22,N,Towson,Sacred Heart,72,47,1
2025-12-22,N,Bowling Green,Siena Heights,125,66,1
2025-12-22,N,Butler,NJIT,101,52,1
2025-12-22,N,Miami (OH),Milligan,135,81,1
2025-12-22,N,Western Michigan,Defiance,94,57,1
2025-12-22,N,Wagner,Manor College,74,57,1
2025-12-22,N,Saint Peter's,Centenary (NJ),116,50,1
2025-12-22,N,Ohio,Miami (OH)-Hamilton,102,59,1
2025-12-22,N,Florida International,Trinity College of Jacksonville,121,70,1
2025-12-22,N,Massachusetts,Massachusetts-Boston,91,40,1
2025-12-22,N,George Washington,St. Mary's (MD),97,40,1
2025-12-22,N,Fordham,New Haven,65,47,1
2025-12-21,N,UTEP,Norfolk State,71,72,0
2025-12-21,N,Nebraska,North Dakota,78,55,1
2025-12-21,N,North Dakota State,UC Irvine,73,74,0
2025-12-21,N,Pacific,Nicholls,95,82,1
2025-12-21,N,Cal Poly,Idaho,80,83,0
2025-12-21,N,Iowa State,Long Beach State,91,60,1
2025-12-21,N,Oregon,Gonzaga,82,91,0
2025-12-21,N,Minnesota,Campbell,78,50,1
2025-12-21,N,Idaho State,UC Davis,83,93,0
2025-12-21,N,San Francisco,Morgan State,94,64,1
2025-12-21,N,Illinois State,Indiana State,85,65,1
2025-12-21,N,Wichita State,Eastern Kentucky,88,57,1
2025-12-21,N,Cleveland State,Milwaukee,71,81,0
2025-12-21,N,California,Columbia,74,56,1
2025-12-21,N,DePaul,UConn,54,72,0
2025-12-21,N,Michigan,La Salle,102,50,1
2025-12-21,N,USC,UC Santa Cruz,102,63,1
2025-12-21,N,Evansville,Drake,65,66,0
2025-12-21,N,Texas A&M,East Texas A&M,118,77,1
2025-12-21,N,TCU,Florida A&M,80,56,1
2025-12-21,N,Miami,North Florida,105,67,1
2025-12-21,N,New Mexico State,Sam Houston,87,78,1
2025-12-21,N,Clemson,Cincinnati,68,65,1
2025-12-21,N,Tennessee,Gardner-Webb,94,52,1
2025-12-21,N,UAlbany,Cornell,75,83,0
2025-12-21,N,Alabama A&M,Chattanooga,66,73,0
2025-12-21,N,UAB,UNC Asheville,72,47,1
2025-12-21,N,South Florida,UMBC,94,69,1
2025-12-21,N,Incarnate Word,Northern Arizona,90,66,1
2025-12-21,N,Arizona State,Oregon State,75,78,0
2025-12-21,N,Saint Louis,New Hampshire,93,79,1
2025-12-21,N,Radford,VMI,97,90,1
2025-12-21,N,Alabama,Kennesaw State,92,81,1
2025-12-21,N,Delaware State,Holy Family University,73,61,1
2025-12-21,N,Valparaiso,Murray State,79,85,0
2025-12-21,N,Bradley,Southern Illinois,73,69,1
2025-12-21,N,UNC Greensboro,Virginia-Lynchburg,131,53,1
2025-12-21,N,Stephen F. Austin,Dallas,103,55,1
2025-12-21,N,Manhattan,Presbyterian,87,81,1
2025-12-21,N,Middle Tennessee,Cumberland (TN),74,58,1
2025-12-21,N,Furman,Charleston Southern,84,76,1
2025-12-21,N,Charlotte,UIC,88,76,1
2025-12-21,N,Drexel,Maine,74,56,1
2025-12-21,N,George Mason,Loyola Maryland,86,79,1
2025-12-21,N,SMU,Central Arkansas,99,82,1
2025-12-21,N,Notre Dame,Purdue Fort Wayne,69,72,0
2025-12-21,N,Oklahoma State,Cal State Fullerton,94,89,1
2025-12-21,N,Wake Forest,Vanderbilt,67,98,0
2025-12-21,N,Monmouth,Lehigh,76,62,1
2025-12-21,N,Hofstra,Quinnipiac,74,66,1
2025-12-21,N,Baylor,Southern,111,67,1
2025-12-21,N,NC State,Ole Miss,76,62,1
2025-12-21,N,Marist,Stony Brook,70,51,1
2025-12-21,N,Florida,Colgate,90,60,1
2025-12-21,N,Winthrop,Clinton College,107,41,1
2025-12-21,N,Boston University,UMass Lowell,88,76,1
2025-12-21,N,Northern Kentucky,Charleston,74,85,0
2025-12-21,N,Navy,Rosemont,70,23,1
2025-12-21,N,Penn State,Pittsburgh,46,80,0
2025-12-21,N,Mount St. Mary's,Penn State (Brandywine),73,42,1
2025-12-20,N,Arizona,San Diego State,68,45,1
2025-12-20,N,Nevada,Boise State,81,66,1
2025-12-20,N,New Mexico,San José State,88,65,1
2025-12-20,N,Pepperdine,Rice,84,62,1
2025-12-20,N,Weber State,Utah Tech,80,82,0
2025-12-20,N,Georgetown,Xavier,77,80,0
2025-12-20,N,Creighton,Marquette,84,63,1
2025-12-20,N,Texas A&M-Corpus Christi,Southwestern Adventist,93,36,1
2025-12-20,N,Duke,Texas Tech,81,82,0
2025-12-20,N,St. Thomas-Minnesota,UC Riverside,92,78,1
2025-12-20,N,California Baptist,Sacramento State,74,67,1
2025-12-20,N,Colorado,Stanford,68,77,0
2025-12-20,N,Rutgers,Pennsylvania,70,69,1
2025-12-20,N,Tulane,Portland State,63,61,1
2025-12-20,N,UNLV,Fresno State,84,72,1
2025-12-20,N,Lamar,Omaha,82,85,0
2025-12-20,N,Utah,Eastern Washington,101,77,1
2025-12-20,N,Purdue,Auburn,88,60,1
2025-12-20,N,Virginia,Maryland,80,72,1
2025-12-20,N,Richmond,The Citadel,80,56,1
2025-12-20,N,Iowa,Bucknell,94,39,1
2025-12-20,N,Arkansas,Houston,85,94,0
2025-12-20,N,Utah Valley,Bethesda University,109,48,1
2025-12-20,N,UCF,Florida Gulf Coast,102,80,1
2025-12-20,N,Santa Clara,Loyola Chicago,78,80,0
2025-12-20,N,Washington State,Mercer,84,78,1
2025-12-20,N,Florida International,Long Island University,86,79,1
2025-12-20,N,Georgia Southern,James Madison,96,92,1
2025-12-20,N,North Carolina A&T,Mid-Atlantic Christian,95,55,1
2025-12-20,N,Southern Miss,Arkansas State,86,93,0
2025-12-20,N,Tennessee State,Southeast Missouri State,82,91,0
2025-12-20,N,Southern Indiana,Morehead State,60,64,0
2025-12-20,N,Mississippi State,Memphis,71,66,1
2025-12-20,N,East Tennessee State,Jacksonville State,75,81,0
2025-12-20,N,Wyoming,Grand Canyon,70,82,0
2025-12-20,N,Butler,Northwestern,61,58,1
2025-12-20,N,Syracuse,Northeastern,91,83,1
2025-12-20,N,Ohio,Bowling Green,58,68,0
2025-12-20,N,Tennessee Tech,UT Martin,62,86,0
2025-12-20,N,Texas State,South Alabama,67,65,1
2025-12-20,N,Ohio State,North Carolina,70,71,0
2025-12-20,N,UT Rio Grande Valley,College Of Biblical Studies,109,51,1
2025-12-20,N,Northern Colorado,Denver,79,86,0
2025-12-20,N,Northern Illinois,Central Michigan,74,73,1
2025-12-20,N,UL Monroe,Louisiana,62,76,0
2025-12-20,N,Northwestern State,Southern-New Orleans,108,55,1
2025-12-20,N,Utah State,Colorado State,100,58,1
2025-12-20,N,UNC Wilmington,Howard,66,67,0
2025-12-20,N,North Carolina Central,Longwood,72,74,0
2025-12-20,N,Prairie View A&M,Paul Quinn,100,64,1
2025-12-20,N,Georgia Tech,Lafayette,95,81,1
2025-12-20,N,Lipscomb,Blue Mountain,123,60,1
2025-12-20,N,Vermont,Iona,78,83,0
2025-12-20,N,Lindenwood,Harris-Stowe State,109,52,1
2025-12-20,N,Mercyhurst,Binghamton,82,61,1
2025-12-20,N,Virginia Tech,Elon,82,81,1
2025-12-20,N,Ball State,Miami (OH),77,86,0
2025-12-20,N,Massachusetts,Kent State,59,69,0
2025-12-20,N,Harvard,Holy Cross,81,53,1
2025-12-20,N,Troy,Marshall,70,63,1
2025-12-20,N,Old Dominion,Coastal Carolina,74,76,0
2025-12-20,N,Detroit Mercy,Siena Heights,91,60,1
2025-12-20,N,Youngstown State,South Carolina Upstate,74,65,1
2025-12-20,N,Indiana,Chicago State,78,58,1
2025-12-20,N,St. Bonaventure,Le Moyne,92,81,1
2025-12-20,N,Western Michigan,Buffalo,71,88,0
2025-12-20,N,Niagara,Houghton,81,58,1
2025-12-20,N,Saint Francis,Robert Morris,70,79,0
2025-12-20,N,App State,Georgia State,63,70,0
2025-12-20,N,Kentucky,St. John's,78,66,1
2025-12-20,N,Dayton,Liberty,61,64,0
2025-12-20,N,Michigan State,Oakland,79,70,1
2025-12-20,N,Louisville,Montana,94,54,1
2025-12-20,N,Toledo,Lourdes University,100,67,1
2025-12-20,N,Kansas State,South Dakota,106,76,1
2025-12-19,N,Seattle U,Washington,70,66,1
2025-12-19,N,Saint Mary's,Florida Atlantic,88,75,1
2025-12-19,N,UC San Diego,San Diego,80,82,0
2025-12-19,N,Loyola Marymount,North Alabama,91,57,1
2025-12-19,N,UCLA,Cal Poly,108,87,1
2025-12-19,N,California,Morgan State,97,50,1
2025-12-19,N,BYU,Abilene Christian,85,67,1
2025-12-19,N,UC Irvine,Belmont,58,84,0
2025-12-19,N,Tarleton State,Florida A&M,78,54,1
2025-12-19,N,Villanova,Wisconsin,76,66,1
2025-12-19,N,Baylor,Alcorn State,113,56,1
2025-12-19,N,LSU,SE Louisiana,78,65,1
2025-12-19,N,Jackson State,Norfolk State,72,82,0
2025-12-19,N,Western Kentucky,Tulsa,81,82,0
2025-12-19,N,Florida State,Mississippi Valley State,96,49,1
2025-12-19,N,High Point,La Salle,84,72,1
2025-12-19,N,Akron,Eastern Michigan,93,72,1
2025-12-19,N,Drexel,Mount St. Mary's,75,67,1
2025-12-19,N,Providence,Seton Hall,67,72,0
2025-12-19,N,Towson,Notre Dame (MD),107,60,1
2025-12-19,N,Hampton,Grambling,72,81,0
2025-12-19,N,Cal State Northridge,La Sierra,88,53,1
2025-12-19,N,Milwaukee,South Dakota State,88,87,1
2025-12-19,N,Navy,Coppin State,88,55,1
2025-12-19,N,Fairleigh Dickinson,Lehman College,76,42,1
2025-12-19,N,Samford,Reinhardt,85,49,1
2025-12-19,N,South Carolina State,Brewton-Parker,68,54,1
2025-12-19,N,Sacred Heart,Dartmouth,85,63,1
2025-12-18,N,Long Beach State,Pepperdine,81,78,1
2025-12-18,N,Cal State Bakersfield,Nobel,97,66,1
2025-12-18,N,Tennessee Tech,Southeast Missouri State,85,74,1
2025-12-18,N,Southern Illinois,Illinois State,68,75,0
2025-12-18,N,Idaho State,Montana-Western,80,64,1
2025-12-18,N,Southern Miss,Louisiana,62,54,1
2025-12-18,N,Tennessee State,UT Martin,78,71,1
2025-12-18,N,Southern Indiana,Little Rock,62,77,0
2025-12-18,N,Lindenwood,Western Illinois,92,76,1
2025-12-18,N,Murray State,Drake,81,72,1
2025-12-18,N,North Dakota,Winthrop,90,88,1
2025-12-18,N,Oklahoma State,Kansas City,91,79,1
2025-12-18,N,TCU,Oral Roberts,72,53,1
2025-12-18,N,Georgia Southern,Georgia State,90,67,1
2025-12-18,N,Grambling,Norfolk State,80,68,1
2025-12-18,N,Georgia,Western Carolina,112,82,1
2025-12-18,N,Indiana State,Bradley,99,108,0
2025-12-18,N,Lehigh,Penn State Hazleton,83,74,1
2025-12-18,N,Davidson,Temple,63,68,0
2025-12-18,N,William & Mary,Radford,96,83,1
2025-12-18,N,Manhattan,Furman,68,75,0
2025-12-18,N,Northern Arizona,Southern Utah,65,57,1
2025-12-18,N,VCU,American University,105,83,1
2025-12-18,N,Saint Joseph's,Delaware State,67,51,1
2025-12-18,N,Charlotte,Lafayette,81,67,1
2025-12-18,N,Central Connecticut,Fairfield,70,84,0
2025-12-18,N,UNC Asheville,Morris College,89,56,1
2025-12-18,N,App State,Coastal Carolina,67,49,1
2025-12-18,N,Eastern Illinois,SIU Edwardsville,76,72,1
2025-12-18,N,Jackson State,Hampton,77,84,0
2025-12-18,N,Gardner-Webb,Toccoa Falls,105,65,1
2025-12-18,N,Charleston Southern,North Florida,113,90,1
2025-12-17,N,Oregon,Portland,94,69,1
2025-12-17,N,UCLA,Arizona State,90,77,1
2025-12-17,N,Eastern Washington,Washington State,63,78,0
2025-12-17,N,San Diego State,Air Force,81,58,1
2025-12-17,N,Stanford,UT Arlington,76,60,1
2025-12-17,N,San Francisco,Loyola Chicago,85,71,1
2025-12-17,N,Oregon State,Sam Houston,75,85,0
2025-12-17,N,Gonzaga,Campbell,98,70,1
2025-12-17,N,Montana,Montana Tech,75,82,0
2025-12-17,N,USC,UTSA,97,70,1
2025-12-17,N,UC Davis,Seattle U,78,79,0
2025-12-17,N,Santa Clara,North Texas,63,60,1
2025-12-17,N,Colorado,Portland State,84,73,1
2025-12-17,N,Stephen F. Austin,Texas A&M-Corpus Christi,69,60,1
2025-12-17,N,Marquette,Georgetown,69,78,0
2025-12-17,N,Texas State,Arkansas State,70,89,0
2025-12-17,N,Alabama,South Florida,104,93,1
2025-12-17,N,Ole Miss,Alabama A&M,80,66,1
2025-12-17,N,Utah Valley,Weber State,90,74,1
2025-12-17,N,Saint Louis,Bethune-Cookman,112,53,1
2025-12-17,N,South Dakota,Dakota State,80,71,1
2025-12-17,N,Old Dominion,James Madison,77,68,1
2025-12-17,N,Wichita State,Wofford,84,73,1
2025-12-17,N,UAB,Cleveland State,101,77,1
2025-12-17,N,Tulane,Louisiana Tech,61,53,1
2025-12-17,N,Middle Tennessee,Kennesaw State,68,67,1
2025-12-17,N,Nicholls,Houston Christian,79,64,1
2025-12-17,N,UL Monroe,South Alabama,92,96,0
2025-12-17,N,Memphis,Vanderbilt,70,77,0
2025-12-17,N,North Carolina Central,Mid-Atlantic Christian,96,62,1
2025-12-17,N,Green Bay,UC Santa Barbara,67,64,1
2025-12-17,N,Jacksonville State,Eastern Kentucky,59,62,0
2025-12-17,N,Stony Brook,UAlbany,55,71,0
2025-12-17,N,Charleston,The Citadel,82,78,1
2025-12-17,N,South Carolina Upstate,Southern Wesleyan,98,63,1
2025-12-17,N,West Georgia,Brewton-Parker,70,49,1
2025-12-17,N,UCF,Mercer,81,63,1
2025-12-17,N,Central Michigan,Olivet,85,65,1
2025-12-17,N,Florida A&M,Jacksonville,72,65,1
2025-12-17,N,Bellarmine,Chattanooga,79,64,1
2025-12-17,N,Wagner,Maryland Eastern Shore,78,64,1
2025-12-17,N,Vermont,Siena,83,69,1
2025-12-17,N,East Carolina,Presbyterian,74,53,1
2025-12-17,N,Monmouth,Quinnipiac,75,85,0
2025-12-17,N,Cincinnati,Alabama State,88,51,1
2025-12-17,N,Robert Morris,Youngstown State,80,77,1
2025-12-17,N,Northern Kentucky,Oakland,77,82,0
2025-12-17,N,Wake Forest,Longwood,71,68,1
2025-12-17,N,Syracuse,Mercyhurst,76,62,1
2025-12-17,N,Pittsburgh,Binghamton,103,63,1
2025-12-17,N,NC State,Texas Southern,108,72,1
2025-12-17,N,Elon,Richmond,73,70,1
2025-12-17,N,Florida,Saint Francis,102,61,1
2025-12-17,N,Xavier,Creighton,57,98,0
2025-12-17,N,New Hampshire,Stonehill,59,58,1
2025-12-17,N,UIC,Northern Iowa,54,60,0
2025-12-17,N,Arkansas-Pine Bluff,Champion Christian,138,73,1
2025-12-17,N,Rice,Southwestern Christian,94,47,1
2025-12-17,N,Central Arkansas,Kansas Christian,102,47,1
2025-12-16,N,Loyola Marymount,UC San Diego,57,67,0
2025-12-16,N,UC Riverside,Stanton,95,70,1
2025-12-16,N,Cal Poly,Montana State,80,83,0
2025-12-16,N,California Baptist,Southern,75,67,1
2025-12-16,N,Arizona,Abilene Christian,96,62,1
2025-12-16,N,BYU,Pacific,93,57,1
2025-12-16,N,Arkansas,Queens University,108,80,1
2025-12-16,N,Kansas,Towson,73,49,1
2025-12-16,N,Denver,Colorado-Colorado Springs,129,93,1
2025-12-16,N,UConn,Butler,79,60,1
2025-12-16,N,North Carolina,East Tennessee State,77,58,1
2025-12-16,N,Texas Tech,Northern Colorado,101,90,1
2025-12-16,N,Omaha,York College Nebraska,105,58,1
2025-12-16,N,Texas,Le Moyne,95,53,1
2025-12-16,N,Northern Illinois,East-West University,112,64,1
2025-12-16,N,Missouri State,Oral Roberts,63,62,1
2025-12-16,N,Northwestern,Valparaiso,86,70,1
2025-12-16,N,Georgia Tech,Marist,87,76,1
2025-12-16,N,Mississippi State,Long Island University,87,83,1
2025-12-16,N,Morehead State,Little Rock,78,64,1
2025-12-16,N,Tennessee,Louisville,83,62,1
2025-12-16,N,St. John's,DePaul,79,66,1
2025-12-16,N,Evansville,Belmont,78,83,0
2025-12-16,N,Ohio,Ohio Wesleyan,89,56,1
2025-12-16,N,UNC Greensboro,North Carolina A&T,65,71,0
2025-12-16,N,Mississippi Valley State,Tarleton State,64,88,0
2025-12-16,N,High Point,Mary Baldwin,129,47,1
2025-12-16,N,Oklahoma,Kansas City,89,67,1
2025-12-16,N,Delaware,Rider,65,57,1
2025-12-16,N,Wright State,Miami (OH),76,83,0
2025-12-16,N,Bowling Green,Chicago State,76,55,1
2025-12-16,N,Dayton,Florida State,97,69,1
2025-12-16,N,Rhode Island,Canisius,62,45,1
2025-12-16,N,Clemson,South Carolina,68,61,1
2025-12-16,N,Miami,Florida International,98,81,1
2025-12-16,N,Lamar,UT Rio Grande Valley,72,83,0
2025-12-16,N,Michigan State,Toledo,92,69,1
2025-12-16,N,UNC Asheville,Kentucky Christian,83,73,1
2025-12-16,N,IU Indianapolis,Miami (OH)-Middletown,126,73,1
2025-12-16,N,Duke,Lipscomb,97,73,1
2025-12-16,N,Liberty,Midway University,95,57,1
2025-12-16,N,South Carolina State,South Carolina Upstate,72,78,0
2025-12-16,N,UMass Lowell,Sacred Heart,87,82,1
2025-12-16,N,Holy Cross,Dartmouth,64,89,0
2025-12-16,N,Drexel,Howard,66,74,0
2025-12-15,N,North Dakota State,Minnesota Crookston,101,67,1
2025-12-15,N,South Dakota State,Wyoming,72,87,0
2025-12-15,N,Alabama A&M,North Alabama,68,60,1
2025-12-15,N,Houston Christian,McNeese,68,78,0
2025-12-15,N,TCU,Incarnate Word,69,65,1
2025-12-15,N,Western Kentucky,Campbellsville,102,59,1
2025-12-15,N,Florida A&M,Albany St (GA),93,77,1
2025-12-15,N,Arkansas-Pine Bluff,Ecclesia,114,64,1
2025-12-15,N,Gardner-Webb,Wofford,57,83,0
2025-12-15,N,Stetson,Rhodes,95,76,1
2025-12-15,N,VCU,Niagara,84,58,1
2025-12-15,N,SE Louisiana,East Texas A&M,69,70,0
2025-12-15,N,Samford,Bryan (TN),106,51,1
2025-12-14,N,USC,Washington State,68,61,1
2025-12-14,N,Texas A&M,Jacksonville,112,75,1
2025-12-14,N,Boise State,Saint Mary's,68,67,1
2025-12-14,N,UT Martin,Champion Christian,96,52,1
2025-12-14,N,South Alabama,North Texas,57,58,0
2025-12-14,N,Idaho,Evergreen State,109,55,1
2025-12-14,N,Portland,Kent State,88,78,1
2025-12-14,N,Wake Forest,Queens University,111,73,1
2025-12-14,N,Purdue Fort Wayne,Detroit Mercy,81,77,1
2025-12-14,N,Loyola Chicago,Chicago State,75,84,0
2025-12-14,N,New Mexico,Florida Gulf Coast,75,59,1
2025-12-14,N,Charleston,Charlotte,74,67,1
2025-12-14,N,Southeast Missouri State,St. Xavier  (IL),88,65,1
2025-12-14,N,UAB,Troy,85,86,0
2025-12-14,N,Colorado State,Northern New Mexico,104,54,1
2025-12-14,N,Iowa,Western Michigan,91,51,1
2025-12-14,N,Radford,Coppin State,107,77,1
2025-12-14,N,Bradley,North Central College,86,53,1
2025-12-14,N,SIU Edwardsville,Eureka,97,54,1
2025-12-14,N,Cleveland State,Oakland City,96,52,1
2025-12-14,N,Missouri,Bethune-Cookman,82,60,1
2025-12-14,N,Vermont,Merrimack,66,59,1
2025-12-14,N,App State,High Point,86,78,1
2025-12-14,N,Fairfield,Monmouth,73,65,1
2025-12-14,N,Youngstown State,Thiel,103,52,1
2025-12-14,N,Campbell,Ball State,69,64,1
2025-12-14,N,Milwaukee,Indiana State,68,70,0
2025-12-14,N,Iowa State,Eastern Illinois,78,53,1
2025-12-14,N,Minnesota,Texas Southern,89,53,1
2025-12-14,N,East Carolina,Buffalo,73,70,1
2025-12-14,N,Virginia Tech,Maryland Eastern Shore,82,53,1
2025-12-14,N,Temple,Saint Francis,95,67,1
2025-12-13,N,UC San Diego,Tulane,93,67,1
2025-12-13,N,Hawai'i,UTEP,66,61,1
2025-12-13,N,Gonzaga,UCLA,82,72,1
2025-12-13,N,Utah,Mississippi State,74,82,0
2025-12-13,N,Nevada,Duquesne,78,75,1
2025-12-13,N,Alabama,Arizona,75,96,0
2025-12-13,N,Cal State Bakersfield,Pepperdine,62,70,0
2025-12-13,N,UNLV,Tennessee State,60,63,0
2025-12-13,N,BYU,UC Riverside,100,53,1
2025-12-13,N,Utah Tech,Justice College,89,48,1
2025-12-13,N,LSU,SMU,89,77,1
2025-12-13,N,Maryland,Michigan,83,101,0
2025-12-13,N,Kansas City,Spurgeon College,102,75,1
2025-12-13,N,Oral Roberts,Ecclesia,97,52,1
2025-12-13,N,Seton Hall,Rutgers,81,59,1
2025-12-13,N,Seattle U,Warner Pacific,115,60,1
2025-12-13,N,Grand Canyon,Coastal Carolina,82,61,1
2025-12-13,N,Ohio State,West Virginia,89,88,1
2025-12-13,N,Saint Louis,San Francisco,85,75,1
2025-12-13,N,Kentucky,Indiana,72,60,1
2025-12-13,N,South Carolina,The Citadel,71,55,1
2025-12-13,N,West Georgia,Georgia Southern,85,91,0
2025-12-13,N,Pacific,Simpson University (CA),104,50,1
2025-12-13,N,Santa Clara,Arizona State,79,82,0
2025-12-13,N,San José State,Stanford,82,86,0
2025-12-13,N,Dayton,North Florida,84,61,1
2025-12-13,N,Vanderbilt,Central Arkansas,83,72,1
2025-12-13,N,Winthrop,Bob Jones,101,55,1
2025-12-13,N,San Diego,Northern Arizona,78,69,1
2025-12-13,N,Washington,Southern Utah,105,69,1
2025-12-13,N,Northern Iowa,Oakland,75,63,1
2025-12-13,N,Richmond,Southern Illinois,93,84,1
2025-12-13,N,Loyola Maryland,Mount St. Mary's,73,81,0
2025-12-13,N,NC State,Kansas,76,77,0
2025-12-13,N,Alabama A&M,Arkansas Baptist,67,59,1
2025-12-13,N,Portland State,George Fox,94,50,1
2025-12-13,N,Oregon State,Montana State,67,57,1
2025-12-13,N,California,Northwestern State,79,70,1
2025-12-13,N,Ohio,St. Bonaventure,88,83,1
2025-12-13,N,Utah State,Illinois State,83,78,1
2025-12-13,N,Auburn,Chattanooga,92,78,1
2025-12-13,N,Villanova,Pittsburgh,79,61,1
2025-12-13,N,Houston Christian,SE Louisiana,71,74,0
2025-12-13,N,Illinois,Nebraska,80,83,0
2025-12-13,N,Belmont,UIC,87,84,1
2025-12-13,N,Tennessee Tech,Bethel (TN),101,69,1
2025-12-13,N,Oregon,UC Davis,104,62,1
2025-12-13,N,Marshall,Wright State,76,74,1
2025-12-13,N,Denver,Cal State Fullerton,86,105,0
2025-12-13,N,Akron,Murray State,100,115,0
2025-12-13,N,Colorado,UTSA,88,64,1
2025-12-13,N,Syracuse,Hofstra,69,70,0
2025-12-13,N,Bryant,Marist,74,82,0
2025-12-13,N,Morgan State,Niagara,81,73,1
2025-12-13,N,Binghamton,Central Connecticut,67,84,0
2025-12-13,N,Long Island University,La Salle,70,60,1
2025-12-13,N,Louisville,Memphis,99,73,1
2025-12-13,N,Houston,New Orleans,99,57,1
2025-12-13,N,Eastern Kentucky,Miami (OH),69,79,0
2025-12-13,N,New Mexico State,Tulsa,70,83,0
2025-12-13,N,Howard,Hampton,61,57,1
2025-12-13,N,Ole Miss,Southern Miss,71,67,1
2025-12-13,N,Longwood,Delaware State,76,81,0
2025-12-13,N,Louisiana Tech,Louisiana,65,44,1
2025-12-13,N,Rice,Arkansas State,77,76,1
2025-12-13,N,Valparaiso,UNC Wilmington,70,73,0
2025-12-13,N,Creighton,Kansas State,76,83,0
2025-12-13,N,Clemson,Mercer,70,63,1
2025-12-13,N,Florida,George Washington,80,70,1
2025-12-13,N,Georgetown,Saint Peter's,76,68,1
2025-12-13,N,Purdue,Marquette,79,59,1
2025-12-13,N,North Carolina,South Carolina Upstate,80,62,1
2025-12-13,N,UNC Asheville,St. Thomas-Minnesota,59,80,0
2025-12-13,N,North Dakota,Western Illinois,66,69,0
2025-12-13,N,Drake,North Dakota State,94,99,0
2025-12-13,N,Georgia State,Jacksonville State,77,73,1
2025-12-13,N,Utah Valley,UC Santa Barbara,68,53,1
2025-12-13,N,Northwestern,Jackson State,93,53,1
2025-12-13,N,Dartmouth,Boston University,77,64,1
2025-12-13,N,NJIT,Sacred Heart,49,65,0
2025-12-13,N,Bellarmine,Northern Kentucky,76,80,0
2025-12-13,N,Butler,Providence,113,110,1
2025-12-13,N,Fordham,Manhattan,82,53,1
2025-12-13,N,Quinnipiac,UMass Lowell,75,71,1
2025-12-13,N,Davidson,Mercyhurst,80,47,1
2025-12-13,N,Georgia,Cincinnati,84,65,1
2025-12-13,N,Notre Dame,Evansville,82,58,1
2025-12-13,N,Maine,Canisius,43,70,0
2025-12-13,N,South Dakota,Prairie View A&M,97,85,1
2025-12-13,N,Elon,Northern Illinois,85,79,1
2025-12-13,N,Robert Morris,Toledo,75,70,1
2025-12-13,N,Oklahoma State,Oklahoma,76,85,0
2025-12-13,N,Delaware,Cal State Northridge,66,88,0
2025-12-13,N,George Mason,Old Dominion,73,61,1
2025-12-13,N,Penn State,Michigan State,72,76,0
2025-12-13,N,Arkansas,Texas Tech,93,86,1
2025-12-13,N,St. John's,Iona,91,64,1
2025-12-13,N,Florida Atlantic,UAlbany,105,79,1
2025-12-13,N,Florida State,Massachusetts,95,103,0
2025-12-13,N,Wichita State,DePaul,58,61,0
2025-12-13,N,Stony Brook,Central Michigan,78,55,1
2025-12-13,N,Miami,UL Monroe,104,79,1
2025-12-12,N,Eastern Washington,California Baptist,83,88,0
2025-12-12,N,McNeese,East Texas A&M,102,66,1
2025-12-12,N,UConn,Texas,71,63,1
2025-12-12,N,South Dakota State,Dakota Wesleyan,94,62,1
2025-12-12,N,Austin Peay,East Tennessee State,76,75,1
2025-12-12,N,Texas A&M-Corpus Christi,Dallas Christian,108,55,1
2025-12-12,N,UNC Greensboro,William Peace,90,62,1
2025-12-12,N,Gardner-Webb,Brevard,77,63,1
2025-12-12,N,Queens University,South Carolina State,102,78,1
2025-12-12,N,Xavier,Missouri State,75,57,1
2025-12-12,N,North Carolina A&T,Maryland Eastern Shore,82,79,1
2025-12-12,N,Stonehill,Vermont State - Johnson,101,60,1
2025-12-12,N,UMBC,Army,60,63,0
2025-12-11,N,Cal State Bakersfield,North Dakota State,69,80,0
2025-12-11,N,Denver,Alaska Anchorage,97,61,1
2025-12-11,N,Syracuse,Saint Joseph's,71,63,1
2025-12-11,N,Iowa State,Iowa,66,62,1
2025-12-11,N,St. Thomas-Minnesota,Saint John's (MN),80,56,1
2025-12-11,N,Missouri,Alabama State,85,77,1
2025-12-11,N,UT Rio Grande Valley,UT Arlington,50,58,0
2025-12-11,N,Wagner,Bloomfield,95,93,1
2025-12-11,N,Georgia Southern,Coastal Georgia,100,58,1
2025-12-11,N,Jacksonville,Trinity College of Jacksonville,122,49,1
2025-12-11,N,East Carolina,App State,54,67,0
2025-12-11,N,Virginia Tech,Western Carolina,96,74,1
2025-12-11,N,IU Indianapolis,Green Bay,75,85,0
2025-12-10,N,Hawai'i,Hawai'i Hilo,98,46,1
2025-12-10,N,Montana,Salish Kootenai,102,46,1
2025-12-10,N,San Diego State,Lamar,89,71,1
2025-12-10,N,Cal State Northridge,Fresno State,89,87,1
2025-12-10,N,Cal State Fullerton,Bethesda University,116,66,1
2025-12-10,N,Nebraska,Wisconsin,90,60,1
2025-12-10,N,Boise State,Duquesne,86,64,1
2025-12-10,N,Texas State,Southern,86,83,1
2025-12-10,N,Houston,Jackson State,80,38,1
2025-12-10,N,North Dakota,Crown College,89,43,1
2025-12-10,N,Southern Illinois,UT Martin,83,54,1
2025-12-10,N,Eastern Illinois,Eastern Kentucky,59,68,0
2025-12-10,N,Tulsa,Arkansas-Pine Bluff,117,84,1
2025-12-10,N,Kansas City,Weber State,60,64,0
2025-12-10,N,Utah Valley,Idaho State,73,69,1
2025-12-10,N,Purdue Fort Wayne,Eastern Michigan,80,65,1
2025-12-10,N,Tulane,Tougaloo,84,72,1
2025-12-10,N,Nicholls,College Of Biblical Studies,117,49,1
2025-12-10,N,Purdue,Minnesota,85,57,1
2025-12-10,N,Hofstra,Old Westbury,92,23,1
2025-12-10,N,NJIT,New Haven,70,64,1
2025-12-10,N,South Florida,Charleston,81,75,1
2025-12-10,N,Florida Atlantic,Saint Leo,112,55,1
2025-12-10,N,Marshall,Western Kentucky,77,61,1
2025-12-10,N,VCU,New Mexico,78,81,0
2025-12-10,N,Boston University,Maine,59,69,0
2025-12-10,N,Iona,Bryant,69,63,1
2025-12-10,N,Notre Dame,Idaho,80,65,1
2025-12-10,N,NC State,Liberty,85,45,1
2025-12-10,N,Boston College,Massachusetts,74,76,0
2025-12-10,N,St. Bonaventure,Colgate,85,77,1
2025-12-10,N,George Washington,Delaware,58,70,0
2025-12-10,N,Fordham,Fairleigh Dickinson,75,54,1
2025-12-10,N,UNC Asheville,Miami (OH),87,90,0
2025-12-10,N,UMass Lowell,Fisher College,122,73,1
2025-12-10,N,Princeton,Merrimack,56,59,0
2025-12-10,N,Yale,UAlbany,93,82,1
2025-12-10,N,Baylor,Norfolk State,97,67,1
2025-12-09,N,San José State,Long Beach State,89,83,1
2025-12-09,N,California,Dominican (CA),93,71,1
2025-12-09,N,UConn,Florida,77,73,1
2025-12-09,N,Denver,Colorado Christian,95,59,1
2025-12-09,N,San Diego,USC,81,94,0
2025-12-09,N,Colorado State,Dartmouth,76,55,1
2025-12-09,N,Arizona State,Northern Arizona,73,48,1
2025-12-09,N,Indiana,Penn State,113,72,1
2025-12-09,N,Wyoming,South Dakota,106,79,1
2025-12-09,N,Omaha,Doane,79,70,1
2025-12-09,N,DePaul,Morgan State,92,49,1
2025-12-09,N,Ohio State,Illinois,80,88,0
2025-12-09,N,Providence,Brown,86,79,1
2025-12-09,N,Virginia,Maryland Eastern Shore,84,60,1
2025-12-09,N,The Citadel,Southern Wesleyan,98,73,1
2025-12-09,N,Chattanooga,Oakwood,103,46,1
2025-12-09,N,Kentucky,North Carolina Central,103,67,1
2025-12-09,N,Howard,North Carolina A&T,73,69,1
2025-12-09,N,Temple,Georgian Court,103,57,1
2025-12-09,N,Northern Kentucky,Brescia,92,53,1
2025-12-09,N,Saint Joseph's,Coppin State,87,65,1
2025-12-09,N,Lindenwood,Culver-Stockton,110,44,1
2025-12-09,N,Ball State,South Dakota State,64,68,0
2025-12-09,N,West Virginia,Little Rock,90,58,1
2025-12-09,N,Stony Brook,Columbia,77,73,1
2025-12-09,N,Rhode Island,McNeese,64,66,0
2025-12-09,N,Rider,Bucknell,38,51,0
2025-12-09,N,Michigan,Villanova,89,61,1
2025-12-09,N,BYU,Clemson,67,64,1
2025-12-09,N,Winthrop,Toccoa Falls,111,62,1
2025-12-09,N,Furman,Bob Jones,105,57,1
2025-12-09,N,VMI,Loyola Maryland,86,70,1
2025-12-09,N,Holy Cross,Regis,69,47,1
2025-12-09,N,UMBC,Buffalo,79,83,0
2025-12-09,N,UL Monroe,Arkansas Baptist,79,69,1
2025-12-08,N,Southern Miss,Grambling,68,60,1
2025-12-08,N,Texas,Southern,95,69,1
2025-12-08,N,Kansas State,Mississippi Valley State,108,49,1
2025-12-08,N,New Orleans,Incarnate Word,84,83,1
2025-12-08,N,Charleston Southern,South Carolina State,84,44,1
2025-12-08,N,Pennsylvania,Lafayette,74,72,1
2025-12-08,N,Kennesaw State,Southern Wesleyan,121,66,1
2025-12-07,N,Gonzaga,North Florida,109,58,1
2025-12-07,N,Seattle U,UTEP,75,68,1
2025-12-07,N,Samford,Cornell,93,90,1
2025-12-07,N,East Texas A&M,Central Arkansas,75,68,1
2025-12-07,N,Tarleton State,Cameron,93,63,1
2025-12-07,N,North Texas,TCU,55,65,0
2025-12-07,N,North Carolina,Georgetown,81,61,1
2025-12-07,N,Jacksonville State,Auburn-Montgomery,66,39,1
2025-12-07,N,Lipscomb,Alabama A&M,92,58,1
2025-12-07,N,Washington State,Nevada,64,78,0
2025-12-07,N,Nebraska,Creighton,71,50,1
2025-12-07,N,Wright State,Green Bay,86,58,1
2025-12-07,N,SMU,Texas A&M,93,80,1
2025-12-07,N,Middle Tennessee,Belmont,62,83,0
2025-12-07,N,SE Louisiana,Northwestern State,68,76,0
2025-12-07,N,Campbell,Virginia-Lynchburg,149,62,1
2025-12-07,N,Mississippi State,San Francisco,62,65,0
2025-12-07,N,UCF,Towson,86,61,1
2025-12-07,N,Bowling Green,Aquinas,131,50,1
2025-12-07,N,Stanford,UNLV,74,75,0
2025-12-07,N,Pittsburgh,Hofstra,73,80,0
2025-12-07,N,Texas Tech,LSU,82,58,1
2025-12-07,N,Stephen F. Austin,UL Monroe,96,76,1
2025-12-07,N,UT Martin,Alabama State,74,64,1
2025-12-07,N,Louisiana Tech,Ecclesia,89,37,1
2025-12-07,N,Saint Louis,Central Michigan,107,65,1
2025-12-07,N,Radford,Saint Francis,89,56,1
2025-12-07,N,Alabama,UTSA,97,55,1
2025-12-07,N,UT Rio Grande Valley,Austin Peay,63,50,1
2025-12-07,N,Davidson,Saint Mary's,61,70,0
2025-12-07,N,East Tennessee State,Tusculum,78,62,1
2025-12-07,N,Sacred Heart,Iona,69,81,0
2025-12-07,N,Mercer,Oglethorpe,100,50,1
2025-12-07,N,Florida Gulf Coast,Florida Atlantic,76,81,0
2025-12-07,N,Charlotte,Utah State,53,79,0
2025-12-07,N,Quinnipiac,Rider,72,58,1
2025-12-07,N,Mercyhurst,Bethany (WV),80,51,1
2025-12-07,N,Yale,UIC,80,66,1
2025-12-07,N,Saint Peter's,Niagara,71,43,1
2025-12-07,N,Siena,Canisius,74,52,1
2025-12-07,N,Marist,Manhattan,80,68,1
2025-12-07,N,Kansas,Missouri,80,60,1
2025-12-07,N,Indiana State,Southern Indiana,77,55,1
2025-12-07,N,St. Thomas-Minnesota,Weber State,88,65,1
2025-12-07,N,Merrimack,Fairfield,74,63,1
2025-12-07,N,Northeastern,Central Connecticut,73,56,1
2025-12-07,N,Army,Gallaudet,111,53,1
2025-12-07,N,Navy,Air Force,61,56,1
2025-12-06,N,Hawai'i,Cal State Fullerton,69,59,1
2025-12-06,N,Arizona,Auburn,97,68,1
2025-12-06,N,Arizona State,Oklahoma,86,70,1
2025-12-06,N,UC Irvine,Cal State Northridge,85,71,1
2025-12-06,N,Little Rock,Arkansas State,78,90,0
2025-12-06,N,DePaul,Arkansas-Pine Bluff,76,72,1
2025-12-06,N,New Mexico,Santa Clara,98,71,1
2025-12-06,N,UC Santa Barbara,Cal State Bakersfield,109,84,1
2025-12-06,N,Long Beach State,UC San Diego,74,80,0
2025-12-06,N,Houston,Florida State,82,67,1
2025-12-06,N,Tennessee,Illinois,62,75,0
2025-12-06,N,St. John's,Ole Miss,63,58,1
2025-12-06,N,North Dakota,Montana,75,79,0
2025-12-06,N,North Dakota State,Northern Arizona,69,68,1
2025-12-06,N,Oral Roberts,Montana State,72,68,1
2025-12-06,N,Bradley,Northern Illinois,84,55,1
2025-12-06,N,Northern Iowa,Wichita State,69,74,0
2025-12-06,N,Milwaukee,Robert Morris,74,72,1
2025-12-06,N,Illinois State,Chicago State,95,53,1
2025-12-06,N,Northern Colorado,South Dakota,89,87,1
2025-12-06,N,Eastern Illinois,Lindenwood,74,82,0
2025-12-06,N,Villanova,Pennsylvania,90,63,1
2025-12-06,N,Grand Canyon,Oklahoma State,78,84,0
2025-12-06,N,New Hampshire,Boston University,88,82,1
2025-12-06,N,Lamar,Texas A&M-Corpus Christi,49,57,0
2025-12-06,N,Utah,California Baptist,91,85,1
2025-12-06,N,Cal Poly,UC Riverside,84,88,0
2025-12-06,N,USC,Washington,76,84,0
2025-12-06,N,Howard,Bowie State,85,69,1
2025-12-06,N,UCLA,Oregon,74,63,1
2025-12-06,N,Idaho State,Denver,93,79,1
2025-12-06,N,West Virginia,Wake Forest,66,75,0
2025-12-06,N,George Washington,William & Mary,99,86,1
2025-12-06,N,New Orleans,Houston Christian,76,85,0
2025-12-06,N,Florida A&M,Florida Memorial,60,58,1
2025-12-06,N,Columbia,UAlbany,93,65,1
2025-12-06,N,Portland State,Omaha,55,60,0
2025-12-06,N,Pepperdine,Vermont,56,65,0
2025-12-06,N,Oregon State,Southern Utah,81,70,1
2025-12-06,N,Eastern Washington,Kansas City,90,66,1
2025-12-06,N,Texas Southern,Sam Houston,70,82,0
2025-12-06,N,Colorado State,Colorado,91,86,1
2025-12-06,N,Brown,Elms College,115,34,1
2025-12-06,N,California,Pacific,67,61,1
2025-12-06,N,Lehigh,Long Island University,82,87,0
2025-12-06,N,Temple,Saint Joseph's,69,70,0
2025-12-06,N,Chattanooga,Southeast Missouri State,70,74,0
2025-12-06,N,Troy,LaGrange,101,47,1
2025-12-06,N,Memphis,Baylor,78,71,1
2025-12-06,N,Michigan,Rutgers,101,60,1
2025-12-06,N,Arkansas,Fresno State,82,58,1
2025-12-06,N,Eastern Kentucky,Indiana University East,122,67,1
2025-12-06,N,North Carolina Central,North Carolina A&T,54,69,0
2025-12-06,N,Wofford,Elon,52,73,0
2025-12-06,N,Ohio,Marshall,88,81,1
2025-12-06,N,Prairie View A&M,Champion Christian,124,62,1
2025-12-06,N,Massachusetts,UMass Lowell,80,60,1
2025-12-06,N,Iowa,Maryland,83,64,1
2025-12-06,N,Wyoming,Dartmouth,93,80,1
2025-12-06,N,Louisiana,UNC Wilmington,63,70,0
2025-12-06,N,Abilene Christian,New Mexico State,77,69,1
2025-12-06,N,Western Kentucky,Evansville,80,79,1
2025-12-06,N,Kent State,Roberts Wesleyan,111,68,1
2025-12-06,N,East Carolina,UNC Greensboro,78,82,0
2025-12-06,N,Binghamton,Le Moyne,63,78,0
2025-12-06,N,Tulane,Akron,71,88,0
2025-12-06,N,Kansas State,Seton Hall,67,78,0
2025-12-06,N,Morgan State,Longwood,80,84,0
2025-12-06,N,Nicholls,Incarnate Word,74,67,1
2025-12-06,N,Kennesaw State,Georgia State,92,69,1
2025-12-06,N,South Dakota State,Idaho,81,84,0
2025-12-06,N,Oakland,Toledo,98,97,1
2025-12-06,N,Tulsa,Missouri State,98,74,1
2025-12-06,N,Murray State,Bellarmine,81,68,1
2025-12-06,N,Valparaiso,Calumet,98,58,1
2025-12-06,N,Virginia Tech,George Mason,73,62,1
2025-12-06,N,Loyola Chicago,Princeton,73,68,1
2025-12-06,N,Louisville,Indiana,87,78,1
2025-12-06,N,La Salle,Drexel,69,64,1
2025-12-06,N,Western Illinois,Hannibal-Lagrange,78,47,1
2025-12-06,N,Colgate,St. John Fisher,94,50,1
2025-12-06,N,SIU Edwardsville,Western Michigan,73,83,0
2025-12-06,N,James Madison,Norfolk State,68,67,1
2025-12-06,N,Delaware State,Delaware,75,72,1
2025-12-06,N,Winthrop,Coastal Carolina,84,88,0
2025-12-06,N,Gardner-Webb,Georgia Southern,84,88,0
2025-12-06,N,Presbyterian,Morehead State,80,72,1
2025-12-06,N,South Carolina Upstate,Western Carolina,78,67,1
2025-12-06,N,Northwestern,Ohio State,82,86,0
2025-12-06,N,West Georgia,Tennessee Tech,59,87,0
2025-12-06,N,South Carolina,Stetson,82,51,1
2025-12-06,N,Florida International,Jacksonville,88,65,1
2025-12-06,N,American University,Maryland Eastern Shore,78,60,1
2025-12-06,N,Wisconsin,Marquette,96,76,1
2025-12-06,N,Liberty,Coppin State,92,50,1
2025-12-06,N,Butler,Boise State,68,77,0
2025-12-06,N,IU Indianapolis,Youngstown State,55,78,0
2025-12-06,N,Cleveland State,Detroit Mercy,59,71,0
2025-12-06,N,Purdue Fort Wayne,Northern Kentucky,79,77,1
2025-12-06,N,Buffalo,St. Bonaventure,69,77,0
2025-12-06,N,Duquesne,Stony Brook,84,75,1
2025-12-06,N,Fordham,Holy Cross,69,70,0
2025-12-06,N,Furman,Harvard,79,69,1
2025-12-06,N,Wagner,Bryant Str-Alb,92,36,1
2025-12-06,N,Bowling Green,Utah Valley,71,82,0
2025-12-06,N,Miami (OH),Maine,93,61,1
2025-12-06,N,NC State,UNC Asheville,75,63,1
2025-12-06,N,Richmond,Old Dominion,86,77,1
2025-12-06,N,Purdue,Iowa State,58,81,0
2025-12-06,N,Michigan State,Duke,60,66,0
2025-12-06,N,Georgia Tech,Monmouth,79,67,1
2025-12-06,N,Boston College,New Haven,67,63,1
2025-12-06,N,Providence,Rhode Island,90,71,1
2025-12-06,N,Virginia,Dayton,86,73,1
2025-12-06,N,Miami,Southern Miss,88,64,1
2025-12-06,N,Bucknell,UMBC,66,73,0
2025-12-05,N,San José State,San Diego,86,69,1
2025-12-05,N,TCU,Notre Dame,85,87,0
2025-12-05,N,UConn,East Texas A&M,83,59,1
2025-12-05,N,Eastern Michigan,Cleary University,86,48,1
2025-12-05,N,Drake,UAB,69,74,0
2025-12-05,N,VMI,Christendom,89,36,1
2025-12-05,N,Xavier,Cincinnati,79,74,1
2025-12-05,N,McNeese,Northwestern State,92,54,1
2025-12-05,N,Kentucky,Gonzaga,59,94,0
2025-12-05,N,Bethune-Cookman,South Carolina State,80,59,1
2025-12-05,N,High Point,NJIT,89,72,1
2025-12-05,N,East Tennessee State,South Alabama,91,65,1
2025-12-05,N,Portland,Lewis & Clark,104,87,1
2025-12-05,N,VCU,Samford,83,57,1
2025-12-05,N,Iona,Quinnipiac,68,89,0
2025-12-05,N,Lafayette,Mercyhurst,79,71,1
2025-12-05,N,Brown,Bryant,75,56,1
2025-12-05,N,Siena,Niagara,83,54,1
2025-12-05,N,Saint Peter's,Canisius,69,57,1
2025-12-05,N,Marist,Mount St. Mary's,64,56,1
2025-12-05,N,Manhattan,Fairfield,70,66,1
2025-12-04,N,Hawai'i,UC Davis,75,69,1
2025-12-04,N,Cal State Northridge,Cal State Bakersfield,87,66,1
2025-12-04,N,Cal State Fullerton,Cal Poly,91,94,0
2025-12-04,N,UC Irvine,UC Riverside,73,60,1
2025-12-04,N,UC Santa Barbara,Long Beach State,84,77,1
2025-12-04,N,Davidson,The Citadel,79,63,1
2025-12-04,N,South Florida,Utah State,74,61,1
2025-12-04,N,Merrimack,Rider,68,66,1
2025-12-04,N,Charleston Southern,Warren Wilson,124,63,1
2025-12-04,N,Green Bay,Robert Morris,78,80,0
2025-12-04,N,Fairleigh Dickinson,Manor College,86,38,1
2025-12-03,N,Washington,UCLA,80,82,0
2025-12-03,N,Seattle U,Puget Sound,97,43,1
2025-12-03,N,Santa Clara,Utah Tech,90,80,1
2025-12-03,N,San Diego State,Utah Valley,77,66,1
2025-12-03,N,San Francisco,North Alabama,63,65,0
2025-12-03,N,Oregon State,Vermont,80,58,1
2025-12-03,N,Auburn,NC State,83,73,1
2025-12-03,N,Vanderbilt,SMU,88,69,1
2025-12-03,N,Texas,Virginia,69,88,0
2025-12-03,N,Georgia Tech,Mississippi State,73,85,0
2025-12-03,N,BYU,California Baptist,91,60,1
2025-12-03,N,Montana,North Dakota State,72,81,0
2025-12-03,N,Weber State,Oral Roberts,92,66,1
2025-12-03,N,Rice,Texas State,77,72,1
2025-12-03,N,Montana State,St. Thomas-Minnesota,82,74,1
2025-12-03,N,Wisconsin,Northwestern,85,73,1
2025-12-03,N,Idaho,North Dakota,90,58,1
2025-12-03,N,Denver,Eastern Washington,93,89,1
2025-12-03,N,Air Force,Pacific,65,80,0
2025-12-03,N,Iowa State,Alcorn State,132,68,1
2025-12-03,N,Alabama A&M,Tennessee State,80,53,1
2025-12-03,N,Tarleton State,Howard Payne,119,54,1
2025-12-03,N,Omaha,Northern Colorado,70,75,0
2025-12-03,N,Northern Arizona,South Dakota State,62,75,0
2025-12-03,N,Monmouth,Princeton,63,58,1
2025-12-03,N,Kansas City,Idaho State,59,68,0
2025-12-03,N,Georgetown,UMBC,90,81,1
2025-12-03,N,Evansville,Ball State,64,52,1
2025-12-03,N,Illinois State,Eastern Kentucky,89,78,1
2025-12-03,N,South Dakota,Portland State,71,77,0
2025-12-03,N,Memphis,New Orleans,86,70,1
2025-12-03,N,UL Monroe,Mississippi Valley State,66,52,1
2025-12-03,N,Central Arkansas,Little Rock,85,47,1
2025-12-03,N,Yale,Brandeis,79,61,1
2025-12-03,N,Belmont,Richmond,76,84,0
2025-12-03,N,Arkansas,Louisville,89,80,1
2025-12-03,N,Alabama,Clemson,90,84,1
2025-12-03,N,Boston College,LSU,69,78,0
2025-12-03,N,Minnesota,Indiana,73,64,1
2025-12-03,N,Western Michigan,Southern Indiana,88,74,1
2025-12-03,N,James Madison,North Carolina Central,67,62,1
2025-12-03,N,Lamar,Louisiana,65,55,1
2025-12-03,N,American University,Drexel,75,73,1
2025-12-03,N,Towson,Cornell,93,80,1
2025-12-03,N,Dartmouth,New Hampshire,69,68,1
2025-12-03,N,South Carolina Upstate,Coastal Carolina,85,78,1
2025-12-03,N,Longwood,Pfeiffer,101,55,1
2025-12-03,N,High Point,Southern Illinois,84,86,0
2025-12-03,N,Wofford,Presbyterian,63,56,1
2025-12-03,N,Georgia Southern,Louisiana Tech,77,69,1
2025-12-03,N,Radford,Southern Miss,75,82,0
2025-12-03,N,Elon,Furman,88,97,0
2025-12-03,N,UNC Wilmington,Marshall,70,69,1
2025-12-03,N,Queens University,Gardner-Webb,107,74,1
2025-12-03,N,Florida International,Florida Gulf Coast,89,83,1
2025-12-03,N,Bellarmine,Midway University,99,60,1
2025-12-03,N,Kent State,Austin Peay,96,84,1
2025-12-03,N,Ohio,Maine,79,57,1
2025-12-03,N,Hampton,Loyola Maryland,93,71,1
2025-12-03,N,Delaware State,Navy,59,66,0
2025-12-03,N,West Virginia,Coppin State,91,49,1
2025-12-03,N,Columbia,Hofstra,72,70,1
2025-12-03,N,Northern Kentucky,Cleveland State,95,80,1
2025-12-03,N,Oakland,Purdue Fort Wayne,101,92,1
2025-12-03,N,Detroit Mercy,IU Indianapolis,92,78,1
2025-12-03,N,St. Bonaventure,Bloomsburg,83,43,1
2025-12-03,N,Mount St. Mary's,Sacred Heart,80,87,0
2025-12-03,N,Seton Hall,Central Connecticut,77,61,1
2025-12-03,N,Massachusetts,Harvard,78,71,1
2025-12-03,N,Saint Francis,Penn State-Shenango,100,41,1
2025-12-03,N,Akron,Bucknell,97,77,1
2025-12-03,N,Stephen F. Austin,UT Rio Grande Valley,73,60,1
2025-12-03,N,App State,Virginia-Lynchburg,133,45,1
2025-12-03,N,Youngstown State,Wright State,69,68,1
2025-12-03,N,Boston University,Vermont State - Johnson,104,57,1
2025-12-03,N,Holy Cross,Northeastern,76,59,1
2025-12-03,N,UIC,Arkansas-Pine Bluff,62,63,0
2025-12-03,N,Lipscomb,Tennessee Tech,83,80,1
2025-12-02,N,Oregon,USC,77,82,0
2025-12-02,N,Nevada,UC San Diego,76,70,1
2025-12-02,N,California,Utah,79,72,1
2025-12-02,N,Loyola Marymount,Saint Louis,70,91,0
2025-12-02,N,Kentucky,North Carolina,64,67,0
2025-12-02,N,Kansas,UConn,56,61,0
2025-12-02,N,Grand Canyon,Stetson,67,45,1
2025-12-02,N,Pepperdine,Abilene Christian,63,71,0
2025-12-02,N,Creighton,Nicholls,96,76,1
2025-12-02,N,Ole Miss,Miami,66,75,0
2025-12-02,N,Florida State,Georgia,73,107,0
2025-12-02,N,Notre Dame,Missouri,76,71,1
2025-12-02,N,Rutgers,Purdue,65,81,0
2025-12-02,N,Tulsa,Manhattan Christian,111,60,1
2025-12-02,N,North Texas,Houston Christian,77,75,1
2025-12-02,N,Maryland,Wagner,89,63,1
2025-12-02,N,Murray State,Morehead State,84,52,1
2025-12-02,N,Bradley,Washington State,64,60,1
2025-12-02,N,Arkansas State,UT Arlington,83,63,1
2025-12-02,N,Northern Illinois,Lindenwood,64,99,0
2025-12-02,N,Marquette,Valparaiso,75,72,1
2025-12-02,N,Baylor,Sacramento State,110,88,1
2025-12-02,N,Loyola Chicago,Central Michigan,83,72,1
2025-12-02,N,Oklahoma State,Sam Houston,93,83,1
2025-12-02,N,Duke,Florida,67,66,1
2025-12-02,N,Southeast Missouri State,Saint Mary of the Woods College,88,57,1
2025-12-02,N,Drake,Western Illinois,108,57,1
2025-12-02,N,Wichita State,Mount Marty College,95,69,1
2025-12-02,N,Tulane,Grambling,65,63,1
2025-12-02,N,Long Island University,Winthrop,92,94,0
2025-12-02,N,Michigan State,Iowa,71,52,1
2025-12-02,N,Syracuse,Tennessee,62,60,1
2025-12-02,N,Miami (OH),Indiana University East,109,65,1
2025-12-02,N,Indiana State,Eureka,99,57,1
2025-12-02,N,South Alabama,New Mexico State,77,75,1
2025-12-02,N,UNC Asheville,UNC Greensboro,82,77,1
2025-12-02,N,Kennesaw State,Jackson State,88,73,1
2025-12-02,N,George Mason,Cornell,99,81,1
2025-12-02,N,Mercer,Georgia State,78,67,1
2025-12-02,N,North Florida,SIU Edwardsville,63,72,0
2025-12-02,N,Jacksonville,Florida A&M,85,82,1
2025-12-02,N,Butler,Eastern Michigan,84,68,1
2025-12-02,N,East Carolina,Maryland Eastern Shore,68,56,1
2025-12-02,N,Charlotte,North Carolina A&T,74,57,1
2025-12-02,N,Binghamton,Lehigh,80,71,1
2025-12-02,N,Yale,SUNY-Maritime,117,53,1
2025-12-02,N,Rhode Island,Brown,66,56,1
2025-12-02,N,Duquesne,William & Mary,79,83,0
2025-12-02,N,Dayton,East Tennessee State,88,71,1
2025-12-02,N,Providence,Fairleigh Dickinson,94,64,1
2025-12-02,N,South Carolina,Virginia Tech,83,86,0
2025-12-02,N,Wake Forest,Oklahoma,68,86,0
2025-12-02,N,Pittsburgh,Texas A&M,73,81,0
2025-12-02,N,Penn State,Campbell,87,76,1
2025-12-02,N,Bryant,Stonehill,77,65,1
2025-12-02,N,UT Martin,Charleston Southern,73,56,1
2025-12-02,N,Western Carolina,Virginia-Lynchburg,124,62,1
2025-12-02,N,Army,George Washington,70,84,0
2025-12-01,N,Stanford,Portland,94,72,1
2025-12-01,N,New Mexico,New Mexico Highlands,97,47,1
2025-12-01,N,Colorado,California Baptist,78,70,1
2025-12-01,N,Southern Utah,West Coast Baptist,124,59,1
2025-12-01,N,Northern Iowa,Coe,99,34,1
2025-12-01,N,Kansas State,Bowling Green,66,82,0
2025-12-01,N,Middle Tennessee,UAB,76,61,1
2025-12-01,N,Incarnate Word,McNeese,71,67,1
2025-12-01,N,Hampton,Apprentice School,94,58,1
2025-12-01,N,Troy,West Georgia,89,93,0
2025-12-01,N,Delaware,Iona,66,89,0
2025-12-01,N,Jacksonville State,North Alabama,66,73,0
2025-12-01,N,Cincinnati,Tarleton State,76,58,1
2025-12-01,N,Xavier,Saint Francis,96,74,1
2025-12-01,N,Villanova,Temple,74,56,1
2025-12-01,N,Toledo,Central State (OH),102,58,1
2025-12-01,N,Chicago State,St. Xavier  (IL),85,62,1
2025-12-01,N,Southern,Louisiana Christian,101,48,1
2025-11-30,N,Fresno State,Cal State Bakersfield,71,76,0
2025-11-30,N,Loyola Maryland,Coppin State,95,84,1
2025-11-30,N,San José State,UC Irvine,63,72,0
2025-11-30,N,Long Beach State,San Diego,76,72,1
2025-11-30,N,Western Illinois,St. Ambrose,89,73,1
2025-11-30,N,North Texas,Prairie View A&M,72,69,1
2025-11-30,N,American University,Longwood,92,66,1
2025-11-30,N,The Citadel,Presbyterian,41,69,0
2025-11-30,N,Colgate,Fordham,72,62,1
2025-11-30,N,Coastal Carolina,Alabama A&M,67,60,1
2025-11-30,N,Florida Atlantic,St. Bonaventure,65,70,0
2025-11-30,N,Charleston,Belmont,73,96,0
2025-11-30,N,Texas Tech,Wyoming,76,72,1
2025-11-30,N,Missouri State,Northeastern State,92,71,1
2025-11-30,N,West Virginia,Mercyhurst,70,38,1
2025-11-30,N,Lafayette,Monmouth,74,88,0
2025-11-30,N,Pennsylvania,Hofstra,60,77,0
2025-11-30,N,UTSA,South Alabama,58,82,0
2025-11-30,N,Chattanooga,Tennessee State,64,70,0
2025-11-30,N,William & Mary,Old Dominion,88,75,1
2025-11-30,N,Robert Morris,Stetson,80,62,1
2025-11-30,N,Fairfield,New Hampshire,72,68,1
2025-11-30,N,Quinnipiac,Stonehill,76,62,1
2025-11-30,N,Vermont,Yale,74,77,0
2025-11-30,N,Bucknell,Cornell,72,101,0
2025-11-30,N,UNC Asheville,App State,67,55,1
2025-11-30,N,New Haven,Mitchell College,92,69,1
2025-11-30,N,UAlbany,SUNY-Oneonta,90,62,1
2025-11-30,N,Princeton,Saint Joseph's,58,60,0
2025-11-30,N,Maine,Siena,60,64,0
2025-11-30,N,Central Connecticut,Johnson & Wales (RI),122,57,1
2025-11-30,N,Ball State,Le Moyne,96,85,1
2025-11-30,N,La Salle,Merrimack,60,66,0
2025-11-29,N,Pacific,Sacramento State,68,54,1
2025-11-29,N,Oregon State,California Baptist,69,75,0
2025-11-29,N,St. Thomas-Minnesota,Lawrence University,87,52,1
2025-11-29,N,Omaha,Mid-America Christian,84,62,1
2025-11-29,N,Northern Colorado,Regis (CO),104,63,1
2025-11-29,N,Fordham,UAlbany,88,68,1
2025-11-29,N,LSU,DePaul,96,63,1
2025-11-29,N,Cal Poly,Redlands,87,81,1
2025-11-29,N,Lamar,Our Lady Of The Lake,90,46,1
2025-11-29,N,Southern Illinois,Little Rock,74,65,1
2025-11-29,N,Kent State,Penn State-Shenango,123,59,1
2025-11-29,N,Akron,Milwaukee,105,81,1
2025-11-29,N,Penn State,Sacred Heart,90,59,1
2025-11-29,N,Canisius,Buffalo,53,71,0
2025-11-29,N,Colgate,SUNY-Oneonta,85,50,1
2025-11-29,N,Eastern Kentucky,Wofford,77,83,0
2025-11-29,N,Utah Tech,UC Riverside,77,69,1
2025-11-29,N,North Florida,Trinity College of Jacksonville,111,67,1
2025-11-29,N,Cal State Fullerton,Pepperdine,83,69,1
2025-11-29,N,UC Santa Barbara,Seattle U,74,71,1
2025-11-29,N,Lafayette,Ball State,55,37,1
2025-11-29,N,Pennsylvania,La Salle,73,71,1
2025-11-29,N,Arizona,Norfolk State,98,61,1
2025-11-29,N,Drake,Georgia Tech,84,74,1
2025-11-29,N,Southern Indiana,Kentucky State,93,56,1
2025-11-29,N,Winthrop,South Carolina State,101,79,1
2025-11-29,N,Weber State,Kansas City,82,61,1
2025-11-29,N,Utah State,Montana State,84,81,1
2025-11-29,N,East Tennessee State,Central Arkansas,80,57,1
2025-11-29,N,Maryland Eastern Shore,Gwynedd-Mercy,84,60,1
2025-11-29,N,Elon,Mercer,84,91,0
2025-11-29,N,American University,Siena,55,59,0
2025-11-29,N,Mount St. Mary's,Howard,79,75,1
2025-11-29,N,South Dakota,Air Force,80,63,1
2025-11-29,N,Southeast Missouri State,Lipscomb,77,88,0
2025-11-29,N,UT Arlington,Stephen F. Austin,66,61,1
2025-11-29,N,UNC Wilmington,Gardner-Webb,88,62,1
2025-11-29,N,Valparaiso,Western Michigan,84,55,1
2025-11-29,N,Radford,Notre Dame (MD),102,75,1
2025-11-29,N,Saint Peter's,Dartmouth,61,87,0
2025-11-29,N,Texas State,Lehigh,74,78,0
2025-11-29,N,Tennessee State,Tennessee Wesleyan,98,77,1
2025-11-29,N,North Carolina Central,Carolina University,109,61,1
2025-11-29,N,Green Bay,Haskell,95,55,1
2025-11-29,N,Georgia Southern,Houston Christian,80,62,1
2025-11-29,N,Nebraska,South Carolina Upstate,72,63,1
2025-11-29,N,Northwestern State,Southern,73,75,0
2025-11-29,N,Hofstra,Merrimack,78,58,1
2025-11-29,N,Georgia,Tennessee Tech,123,81,1
2025-11-29,N,High Point,Western Carolina,93,73,1
2025-11-29,N,George Mason,James Madison,82,66,1
2025-11-29,N,UMBC,Delaware State,71,57,1
2025-11-29,N,Le Moyne,Monmouth,83,79,1
2025-11-29,N,Stetson,Southern Utah,68,70,0
2025-11-29,N,IU Indianapolis,Morehead State,85,80,1
2025-11-29,N,Columbia,Sarah Lawrence,92,44,1
2025-11-29,N,Harvard,Bryant,56,53,1
2025-11-29,N,Saint Francis,Franciscan University,85,60,1
2025-11-29,N,UMass Lowell,Emerson,90,67,1
2025-11-29,N,Louisiana Tech,Alcorn State,83,58,1
2025-11-29,N,Army,Manhattan,81,78,1
2025-11-29,N,UCF,VMI,82,57,1
2025-11-29,N,Northern Kentucky,Boston University,74,65,1
2025-11-29,N,Longwood,Maine,65,61,1
2025-11-29,N,Niagara,Detroit Mercy,66,70,0
2025-11-29,N,Indiana,Bethune-Cookman,100,56,1
2025-11-29,N,Navy,SE Louisiana,65,69,0
2025-11-28,N,Hawai'i,North Dakota,92,55,1
2025-11-28,N,Loyola Marymount,Stony Brook,68,71,0
2025-11-28,N,Drake,LSU,62,71,0
2025-11-28,N,Dayton,BYU,79,83,0
2025-11-28,N,Santa Clara,Minnesota,86,75,1
2025-11-28,N,Idaho,Sam Houston,68,94,0
2025-11-28,N,Louisiana,Jackson State,45,51,0
2025-11-28,N,UAlbany,Colgate,67,69,0
2025-11-28,N,Georgetown,Miami,65,78,0
2025-11-28,N,Western Kentucky,Wichita State,75,70,1
2025-11-28,N,Saint Louis,Stanford,77,78,0
2025-11-28,N,Clemson,Alabama A&M,92,56,1
2025-11-28,N,DePaul,Georgia Tech,75,61,1
2025-11-28,N,Mississippi State,SMU,81,87,0
2025-11-28,N,Pittsburgh,Ohio State,67,66,1
2025-11-28,N,Idaho State,Cal State Northridge,82,50,1
2025-11-28,N,TCU,Wisconsin,74,63,1
2025-11-28,N,Xavier,Texas A&M-Corpus Christi,88,67,1
2025-11-28,N,Fordham,Franklin Pierce,74,72,1
2025-11-28,N,Tarleton State,Midwestern State,67,57,1
2025-11-28,N,Florida State,Texas A&M,59,95,0
2025-11-28,N,South Florida,Colorado State,68,83,0
2025-11-28,N,Colorado,Washington,81,68,1
2025-11-28,N,Lehigh,UC Santa Barbara,70,72,0
2025-11-28,N,Lafayette,Le Moyne,63,76,0
2025-11-28,N,Pennsylvania,Merrimack,77,65,1
2025-11-28,N,American University,Maine,74,61,1
2025-11-28,N,SIU Edwardsville,Missouri Baptist,92,55,1
2025-11-28,N,Eastern Michigan,NJIT,73,55,1
2025-11-28,N,Davidson,North Carolina A&T,90,74,1
2025-11-28,N,Abilene Christian,Jarvis Christian,87,55,1
2025-11-28,N,South Carolina,Charleston Southern,74,62,1
2025-11-28,N,Virginia,Queens University,94,69,1
2025-11-28,N,Florida,Providence,90,78,1
2025-11-28,N,Illinois State,Furman,72,65,1
2025-11-28,N,Arkansas State,North Dakota State,85,80,1
2025-11-28,N,Tulane,Nicholls,82,72,1
2025-11-28,N,Youngstown State,Chicago State,87,64,1
2025-11-28,N,UNC Wilmington,Navy,87,57,1
2025-11-28,N,Nevada,San Francisco,81,65,1
2025-11-28,N,Chattanooga,Tennessee Wesleyan,109,59,1
2025-11-28,N,Alcorn State,Indiana State,81,74,1
2025-11-28,N,Missouri,Cleveland State,86,59,1
2025-11-28,N,Seattle U,Texas State,66,52,1
2025-11-28,N,Robert Morris,Southern Utah,61,54,1
2025-11-28,N,Purdue Fort Wayne,Holy Cross College (IN),92,59,1
2025-11-28,N,Marquette,Oklahoma,74,75,0
2025-11-28,N,Ball State,Monmouth,73,80,0
2025-11-28,N,La Salle,Hofstra,58,63,0
2025-11-28,N,Butler,Wright State,94,69,1
2025-11-28,N,Vanderbilt,Saint Mary's,96,71,1
2025-11-28,N,Siena,Longwood,70,63,1
2025-11-28,N,UConn,Illinois,74,61,1
2025-11-28,N,Charlotte,Richmond,66,71,0
2025-11-28,N,Purdue,Eastern Illinois,109,62,1
2025-11-28,N,Gardner-Webb,SE Louisiana,68,76,0
2025-11-28,N,Wake Forest,Northeastern,86,73,1
2025-11-28,N,VCU,Virginia Tech,86,68,1
2025-11-27,N,Northwestern,Oklahoma State,81,86,0
2025-11-27,N,Minnesota,Stanford,68,72,0
2025-11-27,N,Colorado State,Wichita State,76,70,1
2025-11-27,N,Arkansas,Duke,71,80,0
2025-11-27,N,Dayton,Georgetown,84,79,1
2025-11-27,N,Saint Louis,Santa Clara,71,70,1
2025-11-27,N,Wisconsin,Providence,104,83,1
2025-11-27,N,Western Kentucky,South Florida,91,97,0
2025-11-27,N,Miami,BYU,62,72,0
2025-11-27,N,North Carolina,Michigan State,58,74,0
2025-11-27,N,Rutgers,UNLV,80,65,1
2025-11-27,N,Washington,Nevada,83,66,1
2025-11-27,N,Florida,TCU,80,84,0
2025-11-27,N,Virginia Tech,Saint Mary's,66,77,0
2025-11-27,N,Creighton,Oregon,76,66,1
2025-11-27,N,Colorado,San Francisco,79,69,1
2025-11-27,N,Illinois State,Charlotte,79,69,1
2025-11-27,N,Vanderbilt,VCU,89,74,1
2025-11-27,N,East Carolina,St. Bonaventure,58,67,0
2025-11-27,N,Furman,Richmond,73,72,1
2025-11-26,N,Alabama,Maryland,105,72,1
2025-11-26,N,Chaminade,Boise State,76,102,0
2025-11-26,N,Ole Miss,Utah,74,75,0
2025-11-26,N,San Diego State,Baylor,81,91,0
2025-11-26,N,Portland,Long Beach State,93,73,1
2025-11-26,N,Michigan,Gonzaga,101,61,1
2025-11-26,N,Texas,NC State,102,97,1
2025-11-26,N,Grand Canyon,Iowa,46,59,0
2025-11-26,N,Louisville,NJIT,104,47,1
2025-11-26,N,New Mexico,Alabama State,93,87,1
2025-11-26,N,Cal State Northridge,Idaho,64,78,0
2025-11-26,N,UC Irvine,South Dakota State,64,52,1
2025-11-26,N,Wyoming,Denver,101,59,1
2025-11-26,N,Auburn,St. John's,85,74,1
2025-11-26,N,Wichita State,Saint Mary's,65,70,0
2025-11-26,N,Memphis,Southern Illinois,74,58,1
2025-11-26,N,Northern Arizona,Southeast Missouri State,79,72,1
2025-11-26,N,Temple,Rhode Island,75,90,0
2025-11-26,N,Texas Southern,College Of Biblical Studies,102,44,1
2025-11-26,N,Louisiana Tech,Indiana State,75,73,1
2025-11-26,N,Tennessee,Kansas,76,81,0
2025-11-26,N,Kentucky,Tennessee Tech,104,54,1
2025-11-26,N,The Citadel,Houston Christian,65,72,0
2025-11-26,N,Fresno State,Pepperdine,76,53,1
2025-11-26,N,UNC Wilmington,SE Louisiana,70,57,1
2025-11-26,N,Florida Gulf Coast,Kennesaw State,100,102,0
2025-11-26,N,Cincinnati,Eastern Michigan,56,64,0
2025-11-26,N,Fairfield,Columbia,77,106,0
2025-11-26,N,Idaho State,Sam Houston,81,84,0
2025-11-26,N,Utah Valley,Samford,89,45,1
2025-11-26,N,Air Force,Northern Colorado,53,71,0
2025-11-26,N,Duquesne,Central State (OH),101,80,1
2025-11-26,N,Washington State,Seton Hall,61,75,0
2025-11-26,N,Princeton,Vermont,74,79,0
2025-11-26,N,Manhattan,Wagner,101,103,0
2025-11-26,N,Colorado State,Virginia Tech,64,66,0
2025-11-26,N,Tulsa,Northern Iowa,63,60,1
2025-11-26,N,Rice,Oral Roberts,81,62,1
2025-11-26,N,Marshall,Lipscomb,67,90,0
2025-11-26,N,Gardner-Webb,Navy,51,84,0
2025-11-26,N,Boston College,Harvard,73,60,1
2025-11-26,N,Houston,Notre Dame,66,56,1
2025-11-26,N,Incarnate Word,Texas Lutheran,117,55,1
2025-11-26,N,Jacksonville State,North Dakota State,43,56,0
2025-11-26,N,Valparaiso,Southern Indiana,56,64,0
2025-11-26,N,New Mexico State,Georgia State,77,58,1
2025-11-26,N,VCU,South Florida,78,66,1
2025-11-26,N,Delaware State,Virginia St,58,62,0
2025-11-26,N,Arizona State,USC,75,88,0
2025-11-26,N,Bradley,Liberty,74,64,1
2025-11-26,N,Loyola Chicago,San José State,51,63,0
2025-11-26,N,Howard,St. Mary's (MD),115,61,1
2025-11-26,N,UNC Greensboro,Miami (OH),71,82,0
2025-11-26,N,Florida International,Omaha,74,61,1
2025-11-26,N,Mercer,App State,75,67,1
2025-11-26,N,Robert Morris,UIC,88,74,1
2025-11-26,N,Northern Kentucky,Wofford,93,83,1
2025-11-26,N,Holy Cross,Worcester State,77,53,1
2025-11-26,N,Fairleigh Dickinson,Army,73,81,0
2025-11-26,N,Toledo,Belmont,72,87,0
2025-11-26,N,Bucknell,Buffalo,71,73,0
2025-11-26,N,Iowa State,Syracuse,95,64,1
2025-11-26,N,Texas Tech,New Orleans,82,50,1
2025-11-26,N,Presbyterian,Columbia International,93,50,1
2025-11-26,N,New Hampshire,Brown,47,59,0
2025-11-26,N,Western Kentucky,Vanderbilt,78,83,0
2025-11-26,N,UC San Diego,Towson,87,73,1
2025-11-26,N,Cornell,Misericordia,114,70,1
2025-11-26,N,Stonehill,UMass Lowell,64,75,0
2025-11-26,N,Troy,Saint Francis,74,64,1
2025-11-26,N,VMI,Bowling Green,48,81,0
2025-11-26,N,Bryant,Mercy,87,61,1
2025-11-25,N,Alabama,UNLV,115,76,1
2025-11-25,N,Grand Canyon,Utah,68,58,1
2025-11-25,N,Chaminade,Texas,78,119,0
2025-11-25,N,Oregon,San Diego State,80,97,0
2025-11-25,N,California,UCLA,80,72,1
2025-11-25,N,Sacramento State,San Francisco State,94,46,1
2025-11-25,N,Gonzaga,Maryland,100,61,1
2025-11-25,N,Iowa,Ole Miss,74,69,1
2025-11-25,N,Georgia Southern,UTSA,64,77,0
2025-11-25,N,Montana,Oakland,87,95,0
2025-11-25,N,Utah Tech,Portland State,63,68,0
2025-11-25,N,Michigan,Auburn,102,72,1
2025-11-25,N,Nebraska,Winthrop,80,73,1
2025-11-25,N,UC Irvine,New Mexico State,45,57,0
2025-11-25,N,Arizona State,Washington State,100,94,1
2025-11-25,N,Indiana,Kansas State,86,69,1
2025-11-25,N,Texas A&M,Mississippi Valley State,120,84,1
2025-11-25,N,Cal Poly,Southeast Missouri State,68,84,0
2025-11-25,N,Missouri,South Carolina State,98,66,1
2025-11-25,N,North Texas,Eastern Washington,79,71,1
2025-11-25,N,Austin Peay,Northern Illinois,77,59,1
2025-11-25,N,Princeton,Temple,75,79,0
2025-11-25,N,Florida Atlantic,George Mason,65,74,0
2025-11-25,N,Central Arkansas,Eastern Illinois,81,60,1
2025-11-25,N,Charleston Southern,Piedmont,93,81,1
2025-11-25,N,George Washington,Murray State,95,96,0
2025-11-25,N,James Madison,Omaha,88,77,1
2025-11-25,N,UT Martin,Brescia,75,50,1
2025-11-25,N,Norfolk State,Virginia-Lynchburg,136,79,1
2025-11-25,N,New Haven,Salve Regina,78,47,1
2025-11-25,N,Cleveland State,Waynesburg,109,56,1
2025-11-25,N,South Carolina Upstate,North Carolina Central,82,67,1
2025-11-25,N,Penn State,Boston University,96,87,1
2025-11-25,N,Florida State,Cal State Bakersfield,89,59,1
2025-11-25,N,Villanova,Old Dominion,89,75,1
2025-11-25,N,Central Michigan,Adrian,112,67,1
2025-11-25,N,Stetson,Wright State,62,79,0
2025-11-25,N,Florida Gulf Coast,Rice,78,63,1
2025-11-25,N,Bellarmine,Houston Christian,74,69,1
2025-11-25,N,Maryland Eastern Shore,Hampton,68,74,0
2025-11-25,N,Saint Joseph's,Rutgers-Camden,100,61,1
2025-11-25,N,Purdue Fort Wayne,Chicago State,90,77,1
2025-11-25,N,Milwaukee,Dominican (IL),125,70,1
2025-11-25,N,UCF,Quinnipiac,102,91,1
2025-11-25,N,Wake Forest,Campbell,99,51,1
2025-11-25,N,Marist,Lehigh,78,55,1
2025-11-25,N,Rider,Coppin State,65,68,0
2025-11-25,N,UNC Asheville,Tennessee State,73,75,0
2025-11-25,N,Abilene Christian,William & Mary,58,92,0
2025-11-25,N,California Baptist,San Diego,76,61,1
2025-11-25,N,Ohio State,Mount St. Mary's,113,60,1
2025-11-25,N,Houston,Tennessee,73,76,0
2025-11-25,N,North Carolina,St. Bonaventure,85,70,1
2025-11-25,N,South Dakota State,Utah Valley,52,75,0
2025-11-25,N,Loyola Maryland,Washington College (MD),101,51,1
2025-11-25,N,Morgan State,Drexel,66,71,0
2025-11-25,N,USC,Seton Hall,83,81,1
2025-11-25,N,Ohio,Loyola Marymount,58,70,0
2025-11-25,N,Bradley,UC San Diego,77,87,0
2025-11-25,N,McNeese,Middle Tennessee,72,62,1
2025-11-25,N,Baylor,St. John's,81,96,0
2025-11-25,N,Oral Roberts,Kennesaw State,91,83,1
2025-11-25,N,UAB,UTEP,75,59,1
2025-11-25,N,Loyola Chicago,Northern Iowa,51,72,0
2025-11-25,N,Kansas,Syracuse,71,60,1
2025-11-25,N,Georgia State,Samford,63,78,0
2025-11-25,N,Boise State,NC State,70,81,0
2025-11-25,N,Vermont,Rhode Island,65,80,0
2025-11-25,N,Iowa State,Creighton,78,60,1
2025-11-25,N,Army,East Texas A&M,67,84,0
2025-11-25,N,Jacksonville,Pacific,53,68,0
2025-11-25,N,Delaware,UNC Greensboro,73,60,1
2025-11-25,N,San José State,Tulsa,51,81,0
2025-11-25,N,East Carolina,Michigan State,56,89,0
2025-11-25,N,North Alabama,Tennessee Southern,92,60,1
2025-11-25,N,Notre Dame,Rutgers,68,63,1
2025-11-25,N,Liberty,Towson,69,72,0
2025-11-25,N,Bethune-Cookman,Stony Brook,54,61,0
2025-11-24,N,Hawai'i,Hawai'i Pacific,88,76,1
2025-11-24,N,Maryland,UNLV,74,67,1
2025-11-24,N,Texas,Arizona State,86,87,0
2025-11-24,N,Arizona,Denver,103,73,1
2025-11-24,N,Michigan,San Diego State,94,54,1
2025-11-24,N,Alabama,Gonzaga,85,95,0
2025-11-24,N,UC Santa Barbara,Nobel,84,49,1
2025-11-24,N,Abilene Christian,UTSA,61,50,1
2025-11-24,N,UC Davis,Louisiana,77,56,1
2025-11-24,N,Chaminade,Washington State,85,90,0
2025-11-24,N,Loyola Marymount,Florida Atlantic,65,76,0
2025-11-24,N,Illinois,UT Rio Grande Valley,87,73,1
2025-11-24,N,Oregon,Auburn,73,84,0
2025-11-24,N,Akron,Yale,94,97,0
2025-11-24,N,Arkansas State,Jacksonville State,74,63,1
2025-11-24,N,Northern Arizona,Cal Poly,93,87,1
2025-11-24,N,SMU,Radford,89,72,1
2025-11-24,N,Missouri State,Long Island University,61,75,0
2025-11-24,N,Florida Gulf Coast,Oral Roberts,93,88,1
2025-11-24,N,Mississippi State,New Orleans,81,78,1
2025-11-24,N,McNeese,Murray State,73,60,1
2025-11-24,N,Louisville,Eastern Michigan,87,46,1
2025-11-24,N,Florida International,James Madison,72,80,0
2025-11-24,N,American University,Marywood,113,53,1
2025-11-24,N,Texas State,Texas Lutheran,93,41,1
2025-11-24,N,Northern Kentucky,Eastern Kentucky,82,71,1
2025-11-24,N,The Citadel,Bellarmine,58,70,0
2025-11-24,N,Lindenwood,Kansas City,80,67,1
2025-11-24,N,Cincinnati,NJIT,94,67,1
2025-11-24,N,Central Connecticut,Sacred Heart,108,106,1
2025-11-24,N,Bradley,Princeton,88,64,1
2025-11-24,N,Youngstown State,Georgia Southern,67,61,1
2025-11-24,N,App State,Elon,53,88,0
2025-11-24,N,Houston,Syracuse,78,74,1
2025-11-24,N,Ohio,George Mason,69,92,0
2025-11-24,N,UMBC,Notre Dame (MD),102,52,1
2025-11-24,N,Holy Cross,Siena,69,73,0
2025-11-24,N,Evansville,Charleston,59,78,0
2025-11-24,N,Boise State,USC,67,70,0
2025-11-24,N,Middle Tennessee,George Washington,79,92,0
2025-11-24,N,St. John's,Iowa State,82,83,0
2025-11-24,N,Kennesaw State,Rice,89,84,1
2025-11-24,N,UC San Diego,Temple,91,76,1
2025-11-24,N,UTEP,William & Mary,63,74,0
2025-11-24,N,Lamar,Oakland,68,83,0
2025-11-24,N,Kansas,Notre Dame,71,61,1
2025-11-24,N,Iona,Green Bay,75,80,0
2025-11-24,N,UC Riverside,Grambling,83,74,1
2025-11-24,N,NC State,Seton Hall,74,85,0
2025-11-24,N,Buffalo,VMI,78,70,1
2025-11-24,N,Bethune-Cookman,Jacksonville,64,69,0
2025-11-24,N,Baylor,Creighton,81,74,1
2025-11-24,N,Belmont,Saint Francis,94,57,1
2025-11-24,N,Southern Illinois,UAB,73,81,0
2025-11-24,N,Vermont,Liberty,73,79,0
2025-11-24,N,Tennessee,Rutgers,85,60,1
2025-11-24,N,Oregon State,Massachusetts,65,73,0
2025-11-24,N,Bowling Green,Bucknell,71,66,1
2025-11-24,N,Fairleigh Dickinson,East Texas A&M,65,70,0
2025-11-24,N,Pacific,Stony Brook,86,58,1
2025-11-24,N,Troy,Toledo,68,75,0
2025-11-24,N,Towson,Rhode Island,62,55,1
2025-11-23,N,Davidson,Utah State,60,94,0
2025-11-23,N,Evansville,Akron,59,97,0
2025-11-23,N,Jackson State,Winthrop,62,80,0
2025-11-23,N,Middle Tennessee,Murray State,90,87,1
2025-11-23,N,Western Illinois,North Dakota,69,78,0
2025-11-23,N,Marshall,Mercyhurst,69,60,1
2025-11-23,N,Boston College,Tulane,90,93,0
2025-11-23,N,UConn,Bryant,72,49,1
2025-11-23,N,DePaul,Detroit Mercy,95,75,1
2025-11-23,N,Southern Miss,UT Martin,70,60,1
2025-11-23,N,Charleston,Yale,63,74,0
2025-11-23,N,UNC Greensboro,Youngstown State,68,62,1
2025-11-23,N,Northwestern,South Carolina,79,77,1
2025-11-23,N,Furman,Queens University,90,79,1
2025-11-23,N,Air Force,IU Indianapolis,98,85,1
2025-11-23,N,Pittsburgh,Quinnipiac,75,83,0
2025-11-23,N,Illinois State,Coastal Carolina,94,42,1
2025-11-23,N,George Washington,McNeese,86,92,0
2025-11-23,N,Duke,Howard,93,56,1
2025-11-23,N,Montana,Lamar,63,68,0
2025-11-23,N,East Tennessee State,UL Monroe,97,55,1
2025-11-23,N,Portland,St. Thomas-Minnesota,66,76,0
2025-11-23,N,Wyoming,Norfolk State,75,67,1
2025-11-23,N,Xavier,West Virginia,78,68,1
2025-11-23,N,Delaware,Southern Illinois,59,79,0
2025-11-23,N,Monmouth,Robert Morris,71,70,1
2025-11-23,N,Western Michigan,Mount St. Mary's,83,60,1
2025-11-23,N,North Florida,Prairie View A&M,82,85,0
2025-11-23,N,South Dakota,South Carolina State,82,81,1
2025-11-23,N,Drexel,Old Dominion,75,71,1
2025-11-23,N,Oklahoma,Alcorn State,72,53,1
2025-11-23,N,Georgia Tech,West Georgia,82,66,1
2025-11-23,N,Central Arkansas,Eastern Washington,92,65,1
2025-11-23,N,Northern Colorado,Cal State Fullerton,97,93,1
2025-11-23,N,Charlotte,Shaw,83,79,1
2025-11-23,N,Maine,Brown,53,58,0
2025-11-23,N,Columbia,Longwood,95,70,1
2025-11-23,N,Virginia,Butler,73,80,0
2025-11-23,N,Georgia,Clemson,94,97,0
2025-11-23,N,SIU Edwardsville,Alabama State,83,68,1
2025-11-23,N,Miami (OH),Arkansas-Pine Bluff,111,84,1
2025-11-23,N,Canisius,Binghamton,75,66,1
2025-11-23,N,Miami,Delaware State,97,41,1
2025-11-22,N,Saint Mary's,UC Merced,96,42,1
2025-11-22,N,UC Irvine,Northern Iowa,69,70,0
2025-11-22,N,Weber State,UT Arlington,73,74,0
2025-11-22,N,Idaho,Eastern Oregon,97,68,1
2025-11-22,N,Southern Utah,Nobel,103,68,1
2025-11-22,N,Portland,Northern Colorado,80,86,0
2025-11-22,N,Southern Miss,North Florida,92,83,1
2025-11-22,N,VCU,Coppin State,101,58,1
2025-11-22,N,High Point,Incarnate Word,91,80,1
2025-11-22,N,UL Monroe,Morehead State,80,83,0
2025-11-22,N,North Dakota,Coastal Carolina,58,75,0
2025-11-22,N,Stetson,VMI,99,80,1
2025-11-22,N,Indiana State,Ball State,70,52,1
2025-11-22,N,Wichita State,Milwaukee,75,58,1
2025-11-22,N,Richmond,Gardner-Webb,102,67,1
2025-11-22,N,Oregon State,Iona,84,91,0
2025-11-22,N,Minnesota,San Francisco,65,77,0
2025-11-22,N,Cal State Fullerton,St. Thomas-Minnesota,88,80,1
2025-11-22,N,UIC,Southern Indiana,84,73,1
2025-11-22,N,Prairie View A&M,UT Martin,68,69,0
2025-11-22,N,Nevada,UC Santa Barbara,77,64,1
2025-11-22,N,Lipscomb,Western Carolina,83,62,1
2025-11-22,N,Missouri State,UT Rio Grande Valley,74,67,1
2025-11-22,N,La Salle,Lancasater Bible College,75,46,1
2025-11-22,N,Chattanooga,North Alabama,71,57,1
2025-11-22,N,Penn State,Providence,65,77,0
2025-11-22,N,Cal State Bakersfield,Mississippi Valley State,86,70,1
2025-11-22,N,Duquesne,Northeastern,86,93,0
2025-11-22,N,Howard,Niagara,80,70,1
2025-11-22,N,Sam Houston,Schreiner,105,54,1
2025-11-22,N,Massachusetts,Green Bay,75,79,0
2025-11-22,N,Binghamton,Maryland Eastern Shore,52,63,0
2025-11-22,N,Eastern Kentucky,Mercer,83,95,0
2025-11-22,N,Illinois,Long Island University,98,58,1
2025-11-22,N,Saint Peter's,UMass Lowell,68,66,1
2025-11-22,N,Marquette,Central Michigan,85,71,1
2025-11-22,N,Kent State,Cleveland State,91,71,1
2025-11-22,N,Texas A&M-Corpus Christi,Howard Payne,122,75,1
2025-11-22,N,Dayton,North Carolina Central,74,55,1
2025-11-22,N,Oklahoma State,Nicholls,95,81,1
2025-11-22,N,Boston University,Harvard,75,74,1
2025-11-22,N,New Haven,Vermont State - Lyndon,122,51,1
2025-11-22,N,Le Moyne,Fairfield,83,97,0
2025-11-22,N,Georgetown,Wagner,92,75,1
2025-11-22,N,Navy,NJIT,86,70,1
2025-11-21,N,UCLA,Presbyterian,86,46,1
2025-11-21,N,San José State,Southern,80,66,1
2025-11-21,N,Santa Clara,Louisiana,80,43,1
2025-11-21,N,California Baptist,Grambling,72,59,1
2025-11-21,N,Long Beach State,Montana State,72,78,0
2025-11-21,N,Portland,Cal State Fullerton,103,85,1
2025-11-21,N,Stanford,Seattle U,69,77,0
2025-11-21,N,California,Sacramento State,91,67,1
2025-11-21,N,Purdue,Texas Tech,86,56,1
2025-11-21,N,Nebraska,Kansas State,86,85,1
2025-11-21,N,San Diego,UC Riverside,71,85,0
2025-11-21,N,Pepperdine,Stephen F. Austin,60,63,0
2025-11-21,N,Utah Tech,Nobel,96,48,1
2025-11-21,N,Colorado State,Denver,81,83,0
2025-11-21,N,Grand Canyon,Northwestern State,85,72,1
2025-11-21,N,New Mexico State,Samford,81,72,1
2025-11-21,N,Colorado,UC Davis,95,79,1
2025-11-21,N,SMU,Arkansas State,100,69,1
2025-11-21,N,Xavier,Georgia,77,78,0
2025-11-21,N,Fresno State,New Orleans,85,76,1
2025-11-21,N,Arkansas,Jackson State,115,61,1
2025-11-21,N,South Dakota State,Georgia State,105,58,1
2025-11-21,N,LSU,Omaha,99,73,1
2025-11-21,N,Tulsa,Austin Peay,84,75,1
2025-11-21,N,Norfolk State,Hampton,62,60,1
2025-11-21,N,Texas State,Little Rock,65,56,1
2025-11-21,N,Oregon State,Evansville,69,73,0
2025-11-21,N,Texas A&M,Manhattan,109,68,1
2025-11-21,N,Saint Louis,Purdue Fort Wayne,91,60,1
2025-11-21,N,Loyola Chicago,Northern Illinois,59,76,0
2025-11-21,N,Drake,Buena Vista,98,52,1
2025-11-21,N,St. Thomas-Minnesota,Northern Colorado,73,72,1
2025-11-21,N,UAB,South Alabama,80,72,1
2025-11-21,N,Belmont,Fisk,96,49,1
2025-11-21,N,Duke,Niagara,100,42,1
2025-11-21,N,Florida,Merrimack,80,45,1
2025-11-21,N,Kentucky,Loyola Maryland,88,46,1
2025-11-21,N,New Mexico,Mississippi State,80,78,1
2025-11-21,N,Western Illinois,Coastal Carolina,64,84,0
2025-11-21,N,Wofford,Erskine,81,57,1
2025-11-21,N,West Georgia,South Carolina Upstate,72,64,1
2025-11-21,N,East Tennessee State,Morehead State,77,62,1
2025-11-21,N,Memphis,Wake Forest,68,69,0
2025-11-21,N,Radford,UNC Wilmington,73,81,0
2025-11-21,N,Siena,UAlbany,73,63,1
2025-11-21,N,East Carolina,Charleston Southern,65,77,0
2025-11-21,N,Canisius,Maryland Eastern Shore,60,57,1
2025-11-21,N,Marist,Army,76,65,1
2025-11-21,N,Old Dominion,Morgan State,88,56,1
2025-11-21,N,Sacred Heart,Holy Cross,79,66,1
2025-11-21,N,Drexel,Pennsylvania,68,84,0
2025-11-21,N,Cincinnati,Louisville,64,74,0
2025-11-21,N,Michigan State,Detroit Mercy,84,56,1
2025-11-21,N,Eastern Michigan,Oakland,97,91,1
2025-11-21,N,App State,Charlotte,65,63,1
2025-11-21,N,Rutgers,Central Connecticut,54,67,0
2025-11-21,N,Clemson,West Virginia,70,67,1
2025-11-21,N,Florida State,Georgia Southern,98,72,1
2025-11-21,N,Stonehill,Lafayette,74,70,1
2025-11-21,N,Air Force,SIU Edwardsville,77,63,1
2025-11-21,N,Lehigh,Columbia,67,82,0
2025-11-21,N,Akron,Iona,96,75,1
2025-11-21,N,Virginia,Northwestern,83,78,1
2025-11-21,N,BYU,Wisconsin,98,70,1
2025-11-21,N,Boston College,Davidson,49,59,0
2025-11-21,N,Charleston,Massachusetts,69,65,1
2025-11-21,N,UT Arlington,Campbell,67,71,0
2025-11-21,N,Idaho State,Justice College,89,51,1
2025-11-21,N,Alabama State,IU Indianapolis,101,80,1
2025-11-21,N,South Carolina,Butler,72,79,0
2025-11-21,N,Tulane,Utah State,75,96,0
2025-11-21,N,Yale,Green Bay,73,67,1
2025-11-21,N,William & Mary,Regent,104,57,1
2025-11-20,N,Hawai'i,Arizona State,76,83,0
2025-11-20,N,USC,Troy,107,106,1
2025-11-20,N,UNLV,Saint Joseph's,99,85,1
2025-11-20,N,Kansas State,Mississippi State,98,77,1
2025-11-20,N,Houston,Rider,91,45,1
2025-11-20,N,Utah,Cal Poly,85,92,0
2025-11-20,N,Texas Tech,Wake Forest,84,83,1
2025-11-20,N,Houston Christian,College Of Biblical Studies,85,67,1
2025-11-20,N,Ohio State,Western Michigan,91,58,1
2025-11-20,N,Rice,Tarleton State,74,90,0
2025-11-20,N,Oklahoma,Oral Roberts,95,71,1
2025-11-20,N,North Texas,Central Arkansas,74,56,1
2025-11-20,N,Illinois State,Rockford,93,48,1
2025-11-20,N,Missouri,South Dakota,102,68,1
2025-11-20,N,St. John's,Bucknell,97,49,1
2025-11-20,N,Tennessee,Tennessee State,89,60,1
2025-11-20,N,Delaware State,Kean,66,64,1
2025-11-20,N,Cornell,Colgate,95,94,1
2025-11-20,N,New Mexico,Nebraska,72,84,0
2025-11-20,N,Vanderbilt,Texas Southern,109,74,1
2025-11-20,N,Princeton,Northeastern,70,57,1
2025-11-20,N,Florida Atlantic,Pacific,82,59,1
2025-11-20,N,Queens University,UNC Greensboro,101,94,1
2025-11-20,N,Wright State,Ohio Wesleyan,100,47,1
2025-11-20,N,Central Michigan,Northern Kentucky,66,90,0
2025-11-20,N,Iowa,Chicago State,93,54,1
2025-11-20,N,Miami (OH),Mercyhurst,76,71,1
2025-11-20,N,UCF,Pittsburgh,77,67,1
2025-11-20,N,Fordham,Long Island University,69,53,1
2025-11-20,N,Miami,Elon,99,72,1
2025-11-20,N,Stony Brook,Brown,80,70,1
2025-11-20,N,Purdue,Memphis,80,71,1
2025-11-20,N,Montana State,Nobel,92,55,1
2025-11-20,N,Indiana,Lindenwood,73,53,1
2025-11-20,N,St. Bonaventure,Robert Morris,75,61,1
2025-11-20,N,Marshall,Arkansas-Pine Bluff,98,70,1
2025-11-20,N,UIC,High Point,80,90,0
2025-11-20,N,Incarnate Word,Southern Indiana,87,81,1
2025-11-19,N,Washington State,Southern Utah,98,74,1
2025-11-19,N,Saint Mary's,Arkansas State,85,72,1
2025-11-19,N,Weber State,Campbell,91,85,1
2025-11-19,N,Portland State,Evergreen State,90,61,1
2025-11-19,N,Long Beach State,Nobel,87,54,1
2025-11-19,N,Illinois,Alabama,86,90,0
2025-11-19,N,Auburn,Jackson State,112,66,1
2025-11-19,N,UTEP,St. Thomas (TX),84,83,1
2025-11-19,N,Belmont,Lipscomb,75,68,1
2025-11-19,N,Omaha,Concordia-Nebraska,96,80,1
2025-11-19,N,North Dakota State,Jamestown,82,67,1
2025-11-19,N,Utah Valley,UC Irvine,79,72,1
2025-11-19,N,Bradley,UMass Lowell,87,77,1
2025-11-19,N,Eastern Illinois,Tiffin,62,50,1
2025-11-19,N,Creighton,North Dakota,75,60,1
2025-11-19,N,Oklahoma State,South Florida,103,95,1
2025-11-19,N,TCU,Kansas City,81,45,1
2025-11-19,N,Western Carolina,UNC Asheville,80,73,1
2025-11-19,N,East Texas A&M,Dallas Christian,115,44,1
2025-11-19,N,Sam Houston,Wyoming,78,70,1
2025-11-19,N,Merrimack,Maine,72,65,1
2025-11-19,N,Marquette,Dayton,71,77,0
2025-11-19,N,UConn,Arizona,67,71,0
2025-11-19,N,The Citadel,North Greenville,70,57,1
2025-11-19,N,South Carolina State,Chattanooga,66,78,0
2025-11-19,N,Jacksonville State,South Alabama,65,71,0
2025-11-19,N,Ohio,Bethune-Cookman,73,76,0
2025-11-19,N,Indiana State,Louisiana Tech,60,51,1
2025-11-19,N,Temple,Hofstra,81,76,1
2025-11-19,N,South Carolina Upstate,Tennessee Tech,84,88,0
2025-11-19,N,Stetson,Howard,64,60,1
2025-11-19,N,Wofford,North Florida,86,78,1
2025-11-19,N,Bowling Green,William & Mary,74,82,0
2025-11-19,N,Samford,Florida Gulf Coast,62,77,0
2025-11-19,N,Toledo,Youngstown State,92,75,1
2025-11-19,N,Cleveland State,Valparaiso,75,90,0
2025-11-19,N,La Salle,Villanova,55,70,0
2025-11-19,N,Quinnipiac,City College NY,112,52,1
2025-11-19,N,Virginia Tech,Bryant,78,61,1
2025-11-19,N,Notre Dame,Bellarmine,86,79,1
2025-11-19,N,Richmond,VMI,87,54,1
2025-11-19,N,George Washington,UMBC,89,52,1
2025-11-19,N,Duquesne,Loyola Maryland,92,78,1
2025-11-19,N,Maryland,Mount St. Mary's,95,90,1
2025-11-19,N,SE Louisiana,William Carey,71,45,1
2025-11-19,N,Michigan,Middle Tennessee,86,61,1
2025-11-19,N,Furman,Ohio Christian,79,44,1
2025-11-19,N,Penn State,Harvard,84,80,1
2025-11-19,N,Binghamton,Misericordia,69,58,1
2025-11-19,N,Air Force,Alabama State,66,64,1
2025-11-18,N,UCLA,Sacramento State,79,48,1
2025-11-18,N,San Francisco,Northwestern State,84,64,1
2025-11-18,N,Nevada,UC Davis,71,75,0
2025-11-18,N,San Diego State,Troy,107,108,0
2025-11-18,N,Santa Clara,Idaho State,64,55,1
2025-11-18,N,California Baptist,UC Riverside,80,57,1
2025-11-18,N,Stanford,Louisiana,93,66,1
2025-11-18,N,California,Presbyterian,67,57,1
2025-11-18,N,Washington,Southern,99,93,1
2025-11-18,N,Duke,Kansas,78,66,1
2025-11-18,N,Fresno State,Stephen F. Austin,80,78,1
2025-11-18,N,San Diego,Grambling,78,68,1
2025-11-18,N,Boise State,Wichita State,62,59,1
2025-11-18,N,Utah,Purdue Fort Wayne,85,77,1
2025-11-18,N,Syracuse,Monmouth,78,73,1
2025-11-18,N,Texas,Rider,99,65,1
2025-11-18,N,Pepperdine,New Orleans,90,79,1
2025-11-18,N,Southern Miss,William Carey,82,59,1
2025-11-18,N,Cornell,Army,86,73,1
2025-11-18,N,Iowa,Southeast Missouri State,99,70,1
2025-11-18,N,Arkansas,Winthrop,84,83,1
2025-11-18,N,LSU,Alcorn State,107,81,1
2025-11-18,N,Oral Roberts,Haskell,84,64,1
2025-11-18,N,Ole Miss,Austin Peay,72,65,1
2025-11-18,N,Texas A&M,Montana,86,81,1
2025-11-18,N,Northern Arizona,Embry-Riddle (AZ),108,79,1
2025-11-18,N,DePaul,Gardner-Webb,93,62,1
2025-11-18,N,Murray State,Little Rock,89,68,1
2025-11-18,N,Evansville,UT Arlington,76,84,0
2025-11-18,N,Texas State,Abilene Christian,63,49,1
2025-11-18,N,Minnesota,Chicago State,66,54,1
2025-11-18,N,Northern Iowa,Northern Illinois,70,57,1
2025-11-18,N,SMU,Arkansas-Pine Bluff,106,60,1
2025-11-18,N,Yale,Rhode Island,77,86,0
2025-11-18,N,North Carolina Central,Toccoa Falls,123,67,1
2025-11-18,N,Georgia Tech,Georgia Southern,68,66,1
2025-11-18,N,Western Kentucky,Bethel (TN),97,67,1
2025-11-18,N,Morgan State,North Carolina A&T,73,79,0
2025-11-18,N,North Carolina,Navy,73,61,1
2025-11-18,N,Dartmouth,Maine-Augusta,113,68,1
2025-11-18,N,Delaware State,Cheyney (PA),88,70,1
2025-11-18,N,Florida International,Fort Lauderdale,104,80,1
2025-11-18,N,Delaware,Saint Peter's,81,70,1
2025-11-18,N,Drexel,NJIT,75,43,1
2025-11-18,N,James Madison,Towson,81,75,1
2025-11-18,N,Seton Hall,New Haven,68,45,1
2025-11-18,N,Providence,New Hampshire,98,66,1
2025-11-18,N,Florida State,UT Martin,87,73,1
2025-11-18,N,South Carolina,Radford,87,58,1
2025-11-18,N,Iona,Princeton,89,69,1
2025-11-18,N,Xavier,Old Dominion,99,69,1
2025-11-18,N,Detroit Mercy,Eastern Michigan,62,72,0
2025-11-18,N,George Mason,Jacksonville,79,57,1
2025-11-18,N,Longwood,Maryland Eastern Shore,82,83,0
2025-11-18,N,Kent State,Eastern Kentucky,93,78,1
2025-11-18,N,Charleston Southern,IU Indianapolis,103,91,1
2025-11-18,N,UNC Wilmington,East Carolina,85,60,1
2025-11-18,N,Columbia,Boston University,54,49,1
2025-11-18,N,Boston College,Hampton,63,52,1
2025-11-18,N,Brown,Holy Cross,68,49,1
2025-11-18,N,Lehigh,Saint Francis,79,62,1
2025-11-18,N,Fairleigh Dickinson,St. Elizabeth,100,58,1
2025-11-18,N,Kentucky,Michigan State,66,83,0
2025-11-18,N,UAlbany,Paul Smith's,106,57,1
2025-11-18,N,Rutgers,American University,80,71,1
2025-11-18,N,Buffalo,Vermont,94,90,1
2025-11-18,N,UTSA,Southwestern Christian,103,70,1
2025-11-18,N,Coppin State,Central Penn,103,62,1
2025-11-17,N,Eastern Washington,Eastern Oregon,91,73,1
2025-11-17,N,San José State,Bethesda University,110,56,1
2025-11-17,N,Oregon,Oregon State,87,75,1
2025-11-17,N,Portland State,Cal State Bakersfield,93,80,1
2025-11-17,N,Gonzaga,Southern Utah,122,50,1
2025-11-17,N,UC Santa Barbara,Loyola Marymount,74,78,0
2025-11-17,N,Colorado,Alabama State,94,66,1
2025-11-17,N,Arizona State,Georgia State,75,62,1
2025-11-17,N,Clemson,North Alabama,81,61,1
2025-11-17,N,Tennessee,Rice,91,66,1
2025-11-17,N,Western Illinois,Coe,74,63,1
2025-11-17,N,Iowa State,Stonehill,96,57,1
2025-11-17,N,Wisconsin,SIU Edwardsville,94,69,1
2025-11-17,N,South Dakota State,Peru State,94,46,1
2025-11-17,N,North Dakota State,Southern Illinois,92,85,1
2025-11-17,N,Missouri,Prairie View A&M,91,73,1
2025-11-17,N,Tarleton State,Angelo State,77,54,1
2025-11-17,N,Kansas State,Tulsa,84,83,1
2025-11-17,N,UT Rio Grande Valley,Southwestern Adventist,110,53,1
2025-11-17,N,UL Monroe,Lamar,66,79,0
2025-11-17,N,UAB,Rhodes,112,56,1
2025-11-17,N,NC State,VCU,85,79,1
2025-11-17,N,Liberty,Carolina University,98,46,1
2025-11-17,N,Charleston,Drake,62,71,0
2025-11-17,N,Florida Atlantic,Coastal Georgia,92,63,1
2025-11-17,N,Tennessee Tech,West Georgia,59,61,0
2025-11-17,N,UCF,Oakland,87,83,1
2025-11-17,N,Siena,Colgate,69,72,0
2025-11-17,N,West Virginia,Lafayette,81,59,1
2025-11-17,N,Le Moyne,Niagara,74,68,1
2025-11-17,N,High Point,Canisius,93,50,1
2025-11-17,N,Pennsylvania,Saint Joseph's,83,74,1
2025-11-17,N,Pittsburgh,Bucknell,84,50,1
2025-11-17,N,Georgia,Florida A&M,87,57,1
2025-11-16,N,Florida,Miami,82,68,1
2025-11-16,N,Cal State Northridge,Troy,94,85,1
2025-11-16,N,Purdue,Akron,97,79,1
2025-11-16,N,Long Beach State,Illinois State,80,82,0
2025-11-16,N,Cincinnati,Mount St. Mary's,72,55,1
2025-11-16,N,Indiana,Incarnate Word,69,61,1
2025-11-16,N,Memphis,UNLV,78,92,0
2025-11-16,N,Loyola Chicago,Colorado State,67,80,0
2025-11-16,N,Marist,Harvard,54,56,0
2025-11-16,N,Southern Indiana,Loras,91,74,1
2025-11-16,N,Sacramento State,Presbyterian,64,62,1
2025-11-16,N,Alabama A&M,Lindenwood,74,65,1
2025-11-16,N,Fordham,Manhattanville,96,62,1
2025-11-16,N,Auburn,Houston,72,73,0
2025-11-16,N,Western Kentucky,Tennessee State,95,82,1
2025-11-16,N,Cleveland State,Radford,87,82,1
2025-11-16,N,Kennesaw State,South Florida,89,108,0
2025-11-16,N,Central Arkansas,Samford,77,84,0
2025-11-16,N,Maine,Quinnipiac,64,70,0
2025-11-16,N,Fairfield,Loyola Maryland,85,82,1
2025-11-16,N,Wake Forest,UMass Lowell,109,75,1
2025-11-16,N,Virginia Tech,Charlotte,84,76,1
2025-11-16,N,Oklahoma State,Texas A&M-Corpus Christi,85,69,1
2025-11-16,N,Massachusetts,Central Connecticut,84,77,1
2025-11-16,N,South Dakota,Western Michigan,83,78,1
2025-11-16,N,Western Carolina,Stetson,76,65,1
2025-11-16,N,Northern Kentucky,Cumberland (KY),101,73,1
2025-11-16,N,Valparaiso,Bryant,68,50,1
2025-11-16,N,Hampton,Holy Cross,61,67,0
2025-11-16,N,Morehead State,Kentucky Christian,121,51,1
2025-11-16,N,Ohio State,Notre Dame,64,63,1
2025-11-16,N,Dartmouth,App State,77,85,0
2025-11-16,N,UMBC,Wagner,71,70,1
2025-11-16,N,Kent State,Wright State,76,72,1
2025-11-15,N,Hawai'i,Utah Tech,68,62,1
2025-11-15,N,Fresno State,Utah Valley,75,74,1
2025-11-15,N,UC Irvine,Weber State,79,70,1
2025-11-15,N,San Francisco,Bradley,75,64,1
2025-11-15,N,Seattle U,Idaho State,83,74,1
2025-11-15,N,Manhattan,Mississippi Valley State,80,73,1
2025-11-15,N,Minnesota,Green Bay,72,65,1
2025-11-15,N,Pepperdine,Northern Colorado,81,88,0
2025-11-15,N,Wyoming,Portland,93,56,1
2025-11-15,N,New Mexico State,New Mexico,76,68,1
2025-11-15,N,Utah,Sam Houston,85,79,1
2025-11-15,N,Arkansas State,Christian Brothers,95,67,1
2025-11-15,N,Elon,Gardner-Webb,95,84,1
2025-11-15,N,Omaha,Southern Utah,90,85,1
2025-11-15,N,Saint Louis,Grand Canyon,78,64,1
2025-11-15,N,Villanova,Duquesne,87,77,1
2025-11-15,N,Oral Roberts,Belmont,60,83,0
2025-11-15,N,Southern,Champion Christian,129,64,1
2025-11-15,N,Dayton,Bethune-Cookman,91,82,1
2025-11-15,N,UConn,BYU,86,84,1
2025-11-15,N,Louisiana Tech,Jackson State,68,51,1
2025-11-15,N,Nebraska,Oklahoma,105,99,1
2025-11-15,N,Santa Clara,Nevada,98,83,1
2025-11-15,N,UNC Wilmington,South Carolina Upstate,73,60,1
2025-11-15,N,Ball State,Little Rock,62,68,0
2025-11-15,N,Rider,Eastern University (PA),86,54,1
2025-11-15,N,Long Island University,James Madison,88,79,1
2025-11-15,N,St. John's,William & Mary,93,60,1
2025-11-15,N,Davidson,Bowling Green,91,87,1
2025-11-15,N,UT Arlington,Missouri State,67,49,1
2025-11-15,N,George Washington,Old Dominion,96,73,1
2025-11-15,N,Murray State,Nicholls,99,79,1
2025-11-15,N,Texas State,Texas Southern,77,67,1
2025-11-15,N,UC Riverside,North Dakota,74,76,0
2025-11-15,N,Lipscomb,Bryan (TN),98,53,1
2025-11-15,N,Cal State Fullerton,Pacific,73,85,0
2025-11-15,N,American University,Central Penn,115,50,1
2025-11-15,N,Utah State,UTEP,75,51,1
2025-11-15,N,Boise State,Montana State,62,58,1
2025-11-15,N,UC San Diego,Idaho,75,67,1
2025-11-15,N,St. Bonaventure,Youngstown State,84,80,1
2025-11-15,N,Mercyhurst,Morgan State,86,72,1
2025-11-15,N,NJIT,Fairleigh Dickinson,93,81,1
2025-11-15,N,Radford,Wright State,59,92,0
2025-11-15,N,Syracuse,Drexel,80,50,1
2025-11-15,N,Southeast Missouri State,St. Thomas-Minnesota,72,84,0
2025-11-15,N,Vanderbilt,Arkansas-Pine Bluff,104,75,1
2025-11-15,N,Oakland,Defiance,113,47,1
2025-11-15,N,North Alabama,East Tennessee State,74,78,0
2025-11-15,N,Queens University,Sacred Heart,81,64,1
2025-11-15,N,Longwood,Binghamton,90,82,1
2025-11-15,N,Mississippi State,SE Louisiana,75,68,1
2025-11-15,N,Kansas,Princeton,76,57,1
2025-11-15,N,UNC Greensboro,Austin Peay,63,69,0
2025-11-15,N,Denver,UTSA,79,84,0
2025-11-15,N,George Mason,New Hampshire,61,44,1
2025-11-15,N,Winthrop,Mercer,105,69,1
2025-11-15,N,North Florida,New College (FL),122,67,1
2025-11-15,N,Purdue Fort Wayne,Boyce,118,68,1
2025-11-15,N,Bellarmine,Wofford,86,94,0
2025-11-15,N,Marquette,Maryland,82,89,0
2025-11-15,N,Chicago State,UIC,63,67,0
2025-11-15,N,Air Force,Miami (OH),61,76,0
2025-11-15,N,Stonehill,Loyola Maryland,63,74,0
2025-11-15,N,SMU,Butler,87,85,1
2025-11-15,N,Temple,Boston College,71,76,0
2025-11-15,N,Army,Harvard,52,75,0
2025-11-15,N,Texas,Kansas City,71,55,1
2025-11-15,N,New Haven,Delaware State,65,52,1
2025-11-15,N,Northeastern,Vermont,74,85,0
2025-11-15,N,Boston University,Merrimack,79,91,0
2025-11-15,N,Toledo,Detroit Mercy,90,83,1
2025-11-15,N,VMI,Jacksonville,67,69,0
2025-11-15,N,Florida Gulf Coast,Chattanooga,91,73,1
2025-11-15,N,Cleveland State,Kent State,95,102,0
2025-11-15,N,La Salle,Penn State,69,83,0
2025-11-15,N,Yale,Stony Brook,86,79,1
2025-11-15,N,Louisville,Ohio,106,81,1
2025-11-15,N,Virginia,Marshall,104,78,1
2025-11-15,N,Georgetown,Clemson,79,74,1
2025-11-15,N,Buffalo,RIT,80,64,1
2025-11-15,N,Coppin State,South Alabama,62,72,0
2025-11-14,N,Hawai'i,Manhattan,86,56,1
2025-11-14,N,Arizona State,Gonzaga,65,77,0
2025-11-14,N,Washington State,Washington,69,81,0
2025-11-14,N,California Baptist,Western Illinois,69,59,1
2025-11-14,N,UCLA,Arizona,65,69,0
2025-11-14,N,Saint Mary's,North Texas,80,49,1
2025-11-14,N,Loyola Marymount,Troy,74,63,1
2025-11-14,N,Mississippi Valley State,Utah Tech,75,81,0
2025-11-14,N,TCU,Michigan,63,67,0
2025-11-14,N,Illinois,Colgate,84,65,1
2025-11-14,N,North Carolina,North Carolina Central,97,53,1
2025-11-14,N,Montana,Cal Poly,90,82,1
2025-11-14,N,Georgia,Georgia Tech,92,87,1
2025-11-14,N,UC Davis,Sacramento State,77,73,1
2025-11-14,N,Stephen F. Austin,Abilene Christian,76,66,1
2025-11-14,N,Colorado,Providence,97,88,1
2025-11-14,N,Baylor,Tarleton State,94,81,1
2025-11-14,N,DePaul,Northwestern,79,81,0
2025-11-14,N,Brown,Hampton,63,72,0
2025-11-14,N,Texas Tech,Milwaukee,80,63,1
2025-11-14,N,Arkansas,Samford,79,75,1
2025-11-14,N,Creighton,Maryland Eastern Shore,84,45,1
2025-11-14,N,Rice,East Texas A&M,71,64,1
2025-11-14,N,Texas A&M,UCF,74,86,0
2025-11-14,N,Iowa,Xavier,81,62,1
2025-11-14,N,Drake,SIU Edwardsville,59,61,0
2025-11-14,N,UAB,High Point,91,74,1
2025-11-14,N,Ole Miss,Cal State Bakersfield,82,60,1
2025-11-14,N,USC,Illinois State,87,67,1
2025-11-14,N,Tulane,New Orleans,63,85,0
2025-11-14,N,Duke,Indiana State,100,62,1
2025-11-14,N,Kentucky,Eastern Illinois,99,53,1
2025-11-14,N,McNeese,Louisiana,88,62,1
2025-11-14,N,Jacksonville State,Coastal Carolina,74,67,1
2025-11-14,N,Towson,Norfolk State,51,41,1
2025-11-14,N,Charleston,South Carolina State,88,61,1
2025-11-14,N,Alabama State,Virginia-Lynchburg,124,68,1
2025-11-14,N,West Georgia,The Citadel,100,92,1
2025-11-14,N,Fairfield,Stonehill,73,71,1
2025-11-14,N,Iona,Fordham,76,71,1
2025-11-14,N,Northern Iowa,Furman,70,54,1
2025-11-14,N,Rhode Island,UAlbany,80,61,1
2025-11-14,N,Bucknell,Hofstra,77,83,0
2025-11-14,N,Rutgers,Lehigh,84,72,1
2025-11-14,N,Eastern Michigan,IU Indianapolis,83,90,0
2025-11-14,N,Charleston Southern,Lindenwood,77,83,0
2025-11-14,N,Georgia Southern,Johnson C Smith,98,79,1
2025-11-14,N,Navy,Washington College (MD),97,64,1
2025-11-14,N,Northwestern State,Ecclesia,95,75,1
2025-11-14,N,Coppin State,Central Michigan,59,82,0
2025-11-13,N,Kansas State,California,99,96,1
2025-11-13,N,Western Carolina,Voorhees,95,44,1
2025-11-13,N,LSU,Florida International,98,81,1
2025-11-13,N,St. Thomas-Minnesota,Green Bay,80,61,1
2025-11-13,N,Houston Christian,UL Monroe,72,61,1
2025-11-13,N,Northern Illinois,Benedictine University (IL),117,62,1
2025-11-13,N,Alabama A&M,Charleston Southern,68,64,1
2025-11-13,N,Grambling,Southern Miss,75,70,1
2025-11-13,N,Wichita State,Loyola Chicago,95,74,1
2025-11-13,N,Alabama,Purdue,80,87,0
2025-11-13,N,Howard,Alcorn State,72,64,1
2025-11-13,N,Georgia State,Fort Valley State,90,56,1
2025-11-13,N,Campbell,Mid-Atlantic Christian,108,55,1
2025-11-13,N,North Carolina A&T,Washington Adventist,89,83,1
2025-11-13,N,Princeton,John Jay College,100,59,1
2025-11-13,N,Massachusetts,Le Moyne,94,80,1
2025-11-13,N,Tennessee Tech,Berea,86,64,1
2025-11-13,N,Seton Hall,Monmouth,70,58,1
2025-11-13,N,Robert Morris,Pittsburgh - Greensburg,81,57,1
2025-11-13,N,East Carolina,Elizabeth City State,71,70,1
2025-11-13,N,Columbia,UMass Lowell,86,72,1
2025-11-13,N,Michigan State,San José State,79,60,1
2025-11-13,N,UNC Asheville,Bryan (TN),92,54,1
2025-11-13,N,Lafayette,Cornell,78,97,0
2025-11-13,N,West Virginia,Pittsburgh,71,49,1
2025-11-13,N,South Alabama,Central Michigan,66,64,1
2025-11-12,N,Hawai'i,Mississippi Valley State,88,56,1
2025-11-12,N,Nevada,Southern Illinois,86,81,1
2025-11-12,N,San Francisco,Portland State,80,70,1
2025-11-12,N,Seattle U,Eastern Washington,94,67,1
2025-11-12,N,Pacific,Long Beach State,69,66,1
2025-11-12,N,Stanford,Montana State,77,68,1
2025-11-12,N,Utah Tech,Manhattan,75,79,0
2025-11-12,N,Oregon,South Dakota State,83,69,1
2025-11-12,N,Oregon State,North Texas,66,64,1
2025-11-12,N,Utah State,Weber State,83,73,1
2025-11-12,N,Fresno State,UC San Diego,73,78,0
2025-11-12,N,Colorado State,Cal Poly,93,79,1
2025-11-12,N,San Diego,Idaho,78,74,1
2025-11-12,N,Bradley,UT Martin,67,78,0
2025-11-12,N,Texas Southern,Samford,90,93,0
2025-11-12,N,Bryant,Dartmouth,82,75,1
2025-11-12,N,Houston,Oakland,78,45,1
2025-11-12,N,North Dakota State,St. Scholastica,111,38,1
2025-11-12,N,Vanderbilt,Eastern Kentucky,92,62,1
2025-11-12,N,Oral Roberts,Tulsa,87,88,0
2025-11-12,N,Missouri,Minnesota,83,60,1
2025-11-12,N,Texas State,UTSA,80,69,1
2025-11-12,N,Utah Valley,Westminster (UT),91,60,1
2025-11-12,N,Marquette,Little Rock,89,49,1
2025-11-12,N,Evansville,Middle Tennessee,72,77,0
2025-11-12,N,Valparaiso,Nicholls,68,63,1
2025-11-12,N,NC State,UNC Greensboro,110,64,1
2025-11-12,N,Oklahoma State,Prairie View A&M,94,67,1
2025-11-12,N,Texas,Fairleigh Dickinson,93,58,1
2025-11-12,N,South Dakota,Southern Indiana,89,74,1
2025-11-12,N,Southeast Missouri State,Webster,87,41,1
2025-11-12,N,Tennessee,North Florida,99,66,1
2025-11-12,N,North Carolina Central,Bluefield State,77,61,1
2025-11-12,N,Kennesaw State,Point University,111,60,1
2025-11-12,N,Marshall,Elon,96,89,1
2025-11-12,N,South Carolina Upstate,Bob Jones,114,53,1
2025-11-12,N,Longwood,James Madison,82,72,1
2025-11-12,N,South Carolina,Presbyterian,81,61,1
2025-11-12,N,New Hampshire,Emmanuel (MA),97,69,1
2025-11-12,N,East Tennessee State,Northern Kentucky,75,63,1
2025-11-12,N,Western Michigan,Purdue Fort Wayne,83,71,1
2025-11-12,N,Bellarmine,Hanover,94,55,1
2025-11-12,N,South Florida,Coppin State,100,50,1
2025-11-12,N,VCU,Saint Peter's,78,61,1
2025-11-12,N,Indiana,Milwaukee,101,70,1
2025-11-12,N,Akron,Penn State-Shenango,109,51,1
2025-11-12,N,Boston University,Brown,90,77,1
2025-11-12,N,Virginia Tech,Saint Joseph's,94,59,1
2025-11-12,N,St. Bonaventure,Siena,75,66,1
2025-11-12,N,George Washington,American University,107,67,1
2025-11-12,N,Canisius,Mercyhurst,58,55,1
2025-11-12,N,Marist,Vassar,93,61,1
2025-11-12,N,Georgetown,Binghamton,83,70,1
2025-11-12,N,VMI,Virginia-Lynchburg,106,54,1
2025-11-11,N,Gonzaga,Creighton,90,63,1
2025-11-11,N,Saint Mary's,Ohio,90,60,1
2025-11-11,N,Sacramento State,UC Santa Barbara,87,92,0
2025-11-11,N,UNLV,Montana,93,102,0
2025-11-11,N,New Mexico State,New Mexico Highlands,74,58,1
2025-11-11,N,Cal State Bakersfield,Western Illinois,74,58,1
2025-11-11,N,Arizona,Northern Arizona,84,49,1
2025-11-11,N,BYU,Delaware,85,68,1
2025-11-11,N,Ole Miss,Memphis,83,77,1
2025-11-11,N,New Mexico,UC Riverside,82,68,1
2025-11-11,N,Pepperdine,Lincoln University (CA),113,76,1
2025-11-11,N,UTEP,Loyola Marymount,58,71,0
2025-11-11,N,Boise State,UT Rio Grande Valley,85,65,1
2025-11-11,N,Virginia,Hampton,91,53,1
2025-11-11,N,Illinois,Texas Tech,81,77,1
2025-11-11,N,Wisconsin,Ball State,86,55,1
2025-11-11,N,Wyoming,Austin Peay,79,65,1
2025-11-11,N,Southern Utah,Bethesda University,118,60,1
2025-11-11,N,Louisville,Kentucky,96,88,1
2025-11-11,N,Arkansas,Central Arkansas,93,56,1
2025-11-11,N,Auburn,Wofford,93,62,1
2025-11-11,N,Kansas,Texas A&M-Corpus Christi,77,46,1
2025-11-11,N,North Dakota,Mayville St,128,58,1
2025-11-11,N,Tennessee State,Oakwood,114,76,1
2025-11-11,N,UIC,St. Francis (IL),98,55,1
2025-11-11,N,Tarleton State,Merrimack,76,62,1
2025-11-11,N,Louisiana,Tulane,62,66,0
2025-11-11,N,Rice,Stephen F. Austin,69,81,0
2025-11-11,N,Oklahoma,Arkansas-Pine Bluff,95,69,1
2025-11-11,N,DePaul,Buffalo,53,66,0
2025-11-11,N,Missouri State,Arkansas State,85,86,0
2025-11-11,N,North Dakota State,Cal State Northridge,90,68,1
2025-11-11,N,Nebraska,Maryland Eastern Shore,69,50,1
2025-11-11,N,SMU,Murray State,102,91,1
2025-11-11,N,Duquesne,Queens University,87,81,1
2025-11-11,N,Towson,Wilson College,101,62,1
2025-11-11,N,UAB,Alabama State,74,77,0
2025-11-11,N,Quinnipiac,Yale,60,97,0
2025-11-11,N,Notre Dame,Eastern Illinois,78,58,1
2025-11-11,N,Army,Duke,59,114,0
2025-11-11,N,Florida,Florida State,78,76,1
2025-11-11,N,North Carolina,Radford,89,74,1
2025-11-11,N,Old Dominion,Norfolk State,60,57,1
2025-11-11,N,Colgate,Drexel,90,83,1
2025-11-11,N,Maryland,Alcorn State,84,64,1
2025-11-11,N,Troy,Pensacola Christian College,121,56,1
2025-11-11,N,Coastal Carolina,Winthrop,72,66,1
2025-11-11,N,George Mason,Catawba,86,62,1
2025-11-11,N,UCF,Florida A&M,97,60,1
2025-11-11,N,Villanova,Sacred Heart,94,60,1
2025-11-11,N,North Alabama,Northwestern State,87,83,1
2025-11-11,N,Wright State,Toledo,71,81,0
2025-11-11,N,Detroit Mercy,Cleary University,92,54,1
2025-11-11,N,High Point,Jacksonville,85,64,1
2025-11-11,N,Florida Gulf Coast,Georgia Southern,94,95,0
2025-11-11,N,Temple,La Salle,90,63,1
2025-11-11,N,Fordham,Wagner,63,61,1
2025-11-11,N,Butler,Chicago State,98,66,1
2025-11-11,N,Charlotte,Davidson,55,62,0
2025-11-11,N,Loyola Maryland,NJIT,64,66,0
2025-11-11,N,Richmond,William & Mary,90,86,1
2025-11-11,N,Rhode Island,Stonehill,80,57,1
2025-11-11,N,Cincinnati,Dayton,74,62,1
2025-11-11,N,Clemson,Morehead State,83,56,1
2025-11-11,N,Boston College,Central Connecticut,59,60,0
2025-11-11,N,Harvard,Northeastern,60,77,0
2025-11-11,N,Providence,Pennsylvania,106,81,1
2025-11-11,N,Saint Francis,Mount St. Mary's,66,74,0
2025-11-11,N,Princeton,Bucknell,73,63,1
2025-11-11,N,Michigan,Wake Forest,85,84,1
2025-11-11,N,UAlbany,SUNY Delhi,115,52,1
2025-11-11,N,Stony Brook,Saint Josephs Long Island,107,43,1
2025-11-11,N,Ohio State,App State,75,53,1
2025-11-11,N,UNC Asheville,Lipscomb,69,64,1
2025-11-11,N,Penn State,Navy,80,71,1
2025-11-11,N,Bethune-Cookman,Coastal Georgia,101,60,1
2025-11-11,N,Incarnate Word,Southwestern Christian,109,70,1
2025-11-11,N,Morgan State,UMBC,79,81,0
2025-11-11,N,Abilene Christian,Southwestern Adventist,104,63,1
2025-11-11,N,Air Force,Long Island University,72,76,0
2025-11-11,N,Kansas City,Iona,91,105,0
2025-11-11,N,IU Indianapolis,IU Columbus,121,77,1
2025-11-10,N,UCLA,West Georgia,83,62,1
2025-11-10,N,UC Irvine,Lincoln University (CA),130,63,1
2025-11-10,N,California,Cal State Fullerton,93,65,1
2025-11-10,N,Washington State,St. Thomas-Minnesota,81,71,1
2025-11-10,N,Grand Canyon,Northern Illinois,88,59,1
2025-11-10,N,Utah,Holy Cross,87,69,1
2025-11-10,N,Georgia Tech,SE Louisiana,70,60,1
2025-11-10,N,Northwestern,Cleveland State,110,63,1
2025-11-10,N,Xavier,Santa Clara,68,87,0
2025-11-10,N,Iowa State,Mississippi State,96,80,1
2025-11-10,N,UT Arlington,Arlington Baptist,117,61,1
2025-11-10,N,Milwaukee,Little Rock,92,72,1
2025-11-10,N,Saint Louis,Lindenwood,109,66,1
2025-11-10,N,TCU,Lamar,78,65,1
2025-11-10,N,LSU,New Orleans,93,58,1
2025-11-10,N,UL Monroe,Rust,88,55,1
2025-11-10,N,McNeese,College Of Biblical Studies,132,50,1
2025-11-10,N,Drake,Simpson College (IA),89,51,1
2025-11-10,N,SIU Edwardsville,Indiana State,55,64,0
2025-11-10,N,North Carolina A&T,South Carolina State,85,62,1
2025-11-10,N,Gardner-Webb,North Greenville,81,92,0
2025-11-10,N,Georgia State,Presbyterian,61,63,0
2025-11-10,N,Tennessee Tech,Virginia-Lynchburg,118,58,1
2025-11-10,N,Robert Morris,Geneva,93,47,1
2025-11-10,N,Eastern Kentucky,Western Kentucky,79,87,0
2025-11-10,N,Seton Hall,Fairfield,82,59,1
2025-11-10,N,Kent State,UNC Wilmington,86,77,1
2025-11-10,N,The Citadel,Charleston Southern,86,96,0
2025-11-10,N,Pittsburgh,Eastern Michigan,78,66,1
2025-11-10,N,Miami,Stetson,102,61,1
2025-11-10,N,UConn,Columbia,89,62,1
2025-11-10,N,Furman,Columbia International,89,59,1
2025-11-10,N,Youngstown State,Penn State-Shenango,115,53,1
2025-11-10,N,Rutgers,Maine,72,60,1
2025-11-10,N,Niagara,Delaware State,68,57,1
2025-11-10,N,UMass Lowell,New Haven,67,73,0
2025-11-10,N,Green Bay,Ripon,83,63,1
2025-11-10,N,Jacksonville State,Reinhardt,114,39,1
2025-11-10,N,Southern,Ecclesia,115,51,1
2025-11-10,N,Hofstra,Molloy,95,61,1
2025-11-10,N,Hawai'i,East Texas A&M,100,74,1
2025-11-09,N,Baylor,Washington,78,69,1
2025-11-09,N,UT Martin,Kentucky Christian,97,42,1
2025-11-09,N,South Carolina,Southern Miss,83,79,1
2025-11-09,N,Howard,Grambling,70,73,0
2025-11-09,N,Liberty,Florida Atlantic,88,68,1
2025-11-09,N,USC,Manhattan,114,83,1
2025-11-09,N,Colorado State,Omaha,97,74,1
2025-11-09,N,Loyola Chicago,North Texas,62,64,0
2025-11-09,N,Portland,UC Davis,67,63,1
2025-11-09,N,San Diego State,Idaho State,73,57,1
2025-11-09,N,Missouri,VMI,106,68,1
2025-11-09,N,Evansville,Oakland City,76,47,1
2025-11-09,N,Louisiana Tech,Lyon,93,35,1
2025-11-09,N,Montana State,Denver,73,75,0
2025-11-09,N,West Virginia,Lehigh,69,47,1
2025-11-09,N,Arizona State,Utah Tech,81,66,1
2025-11-09,N,Georgia,Morehead State,120,81,1
2025-11-09,N,Mercer,Lipscomb,92,77,1
2025-11-09,N,Bowling Green,Le Moyne,83,60,1
2025-11-09,N,Purdue Fort Wayne,Dominican (IL),137,56,1
2025-11-09,N,North Dakota,Cal State Northridge,85,93,0
2025-11-09,N,Northern Iowa,South Dakota State,65,58,1
2025-11-09,N,Brown,Vermont,84,89,0
2025-11-09,N,Dartmouth,Marist,56,75,0
2025-11-09,N,Oklahoma State,Texas A&M,87,63,1
2025-11-09,N,Illinois State,Cornell,76,65,1
2025-11-09,N,South Dakota,Ozark Christian,121,65,1
2025-11-09,N,App State,North Carolina Central,76,54,1
2025-11-09,N,Marquette,Indiana,77,100,0
2025-11-09,N,James Madison,Coppin State,84,70,1
2025-11-09,N,American University,Pennsylvania,84,78,1
2025-11-09,N,Campbell,Western Michigan,91,82,1
2025-11-09,N,Harvard,New Hampshire,86,75,1
2025-11-08,N,Gonzaga,Oklahoma,83,68,1
2025-11-08,N,UC San Diego,Houston Christian,78,60,1
2025-11-08,N,Seattle U,Cal Poly,71,73,0
2025-11-08,N,Nevada,Pacific,78,77,1
2025-11-08,N,BYU,Holy Cross,98,53,1
2025-11-08,N,Loyola Marymount,Arkansas-Pine Bluff,94,72,1
2025-11-08,N,UNLV,Chattanooga,101,69,1
2025-11-08,N,Southern Utah,UT Rio Grande Valley,72,95,0
2025-11-08,N,Oral Roberts,John Brown,84,50,1
2025-11-08,N,St. Thomas-Minnesota,Army,83,76,1
2025-11-08,N,Bradley,Central Michigan,85,54,1
2025-11-08,N,Missouri State,Northwestern Oklahoma State,106,57,1
2025-11-08,N,Kansas State,Bellarmine,98,71,1
2025-11-08,N,Belmont,Tennessee State,87,79,1
2025-11-08,N,Middle Tennessee,Webster,109,56,1
2025-11-08,N,Michigan State,Arkansas,69,66,1
2025-11-08,N,Wichita State,Prairie View A&M,105,62,1
2025-11-08,N,Villanova,Queens University,94,74,1
2025-11-08,N,Tarleton State,Texas A&M-Corpus Christi,85,77,1
2025-11-08,N,Utah,Weber State,92,89,1
2025-11-08,N,Massachusetts,UAlbany,83,62,1
2025-11-08,N,Charleston,Florida Atlantic,77,94,0
2025-11-08,N,Presbyterian,East Tennessee State,68,64,1
2025-11-08,N,Richmond,East Carolina,87,72,1
2025-11-08,N,High Point,Averett,127,52,1
2025-11-08,N,Fresno State,Long Beach State,82,62,1
2025-11-08,N,Butler,IU Indianapolis,112,80,1
2025-11-08,N,Stony Brook,Maine,71,60,1
2025-11-08,N,Maryland Eastern Shore,Cheyney (PA),104,59,1
2025-11-08,N,Virginia Tech,Providence,107,101,1
2025-11-08,N,South Alabama,Spring Hill,99,50,1
2025-11-08,N,UC Santa Barbara,San José State,85,74,1
2025-11-08,N,UNC Greensboro,Elon,90,92,0
2025-11-08,N,Norfolk State,William & Mary,78,81,0
2025-11-08,N,UCF,Vanderbilt,93,105,0
2025-11-08,N,New Mexico,UT Arlington,74,56,1
2025-11-08,N,Boise State,Utah Valley,101,77,1
2025-11-08,N,Wyoming,Cal State Fullerton,92,82,1
2025-11-08,N,Air Force,Austin Peay,54,74,0
2025-11-08,N,Colorado,Eastern Washington,102,97,1
2025-11-08,N,Stanford,Montana,91,68,1
2025-11-08,N,St. Bonaventure,Canisius,89,70,1
2025-11-08,N,La Salle,Monmouth,73,60,1
2025-11-08,N,Houston,Towson,65,48,1
2025-11-08,N,Tennessee,Northern Kentucky,95,56,1
2025-11-08,N,Georgia Southern,UNC Asheville,93,90,1
2025-11-08,N,Texas,Lafayette,97,60,1
2025-11-08,N,Memphis,San Francisco,76,70,1
2025-11-08,N,Mercyhurst,Penn State-New Kensington,94,43,1
2025-11-08,N,Tulane,Texas State,79,71,1
2025-11-08,N,Central Arkansas,Champion Christian,110,63,1
2025-11-08,N,Toledo,Marshall,73,85,0
2025-11-08,N,NJIT,Fairfield,53,74,0
2025-11-08,N,Wofford,Milwaukee,86,76,1
2025-11-08,N,Dayton,UMBC,77,71,1
2025-11-08,N,Binghamton,Niagara,59,67,0
2025-11-08,N,Saint Peter's,Fairleigh Dickinson,93,83,1
2025-11-08,N,Duke,Western Carolina,95,54,1
2025-11-08,N,George Washington,South Florida,99,95,1
2025-11-08,N,Florida A&M,Kennesaw State,72,92,0
2025-11-08,N,New Haven,Penn State,43,87,0
2025-11-08,N,Nebraska,Florida International,96,66,1
2025-11-08,N,Saint Joseph's,Drexel,76,65,1
2025-11-08,N,Syracuse,Delaware State,83,43,1
2025-11-08,N,St. John's,Alabama,96,103,0
2025-11-08,N,Minnesota,Alcorn State,95,50,1
2025-11-08,N,South Carolina Upstate,Southern Virginia,105,46,1
2025-11-08,N,Akron,Princeton,104,69,1
2025-11-07,N,UCLA,Pepperdine,74,63,1
2025-11-07,N,Saint Mary's,Chattanooga,87,66,1
2025-11-07,N,UC Irvine,California Baptist,61,69,0
2025-11-07,N,Sacramento State,Jessup University,86,76,1
2025-11-07,N,Portland State,Northwest Indian,122,74,1
2025-11-07,N,Oregon,Rice,67,63,1
2025-11-07,N,Santa Clara,McNeese,79,67,1
2025-11-07,N,Oregon State,UIC,76,73,1
2025-11-07,N,Arizona,Utah Tech,93,67,1
2025-11-07,N,UTEP,Western New Mexico,107,70,1
2025-11-07,N,San Diego,Idaho State,68,71,0
2025-11-07,N,Idaho,Whitman,94,49,1
2025-11-07,N,Grand Canyon,Youngstown State,81,90,0
2025-11-07,N,Navy,Yale,68,97,0
2025-11-07,N,NC State,UAB,94,70,1
2025-11-07,N,Illinois,Florida Gulf Coast,113,70,1
2025-11-07,N,Wisconsin,Northern Illinois,97,72,1
2025-11-07,N,Samford,South Carolina State,82,72,1
2025-11-07,N,Southern Indiana,VMI,74,78,0
2025-11-07,N,Louisiana,SE Louisiana,58,52,1
2025-11-07,N,Texas Tech,Sam Houston,98,77,1
2025-11-07,N,Missouri,Southeast Missouri State,89,84,1
2025-11-07,N,Southern Illinois,Kansas City,101,78,1
2025-11-07,N,Northern Colorado,Colorado Christian,101,65,1
2025-11-07,N,Murray State,Mississippi Valley State,108,60,1
2025-11-07,N,Northern Arizona,Justice College,87,55,1
2025-11-07,N,DePaul,Stonehill,72,64,1
2025-11-07,N,Utah State,VCU,80,77,1
2025-11-07,N,Eastern Illinois,Nicholls,65,57,1
2025-11-07,N,UConn,UMass Lowell,110,47,1
2025-11-07,N,Miami (OH),Trinity Christian (IL),129,49,1
2025-11-07,N,Ole Miss,UL Monroe,86,65,1
2025-11-07,N,Seton Hall,Wagner,68,61,1
2025-11-07,N,Fordham,Mount Saint Mary (NY),106,37,1
2025-11-07,N,Georgia Tech,Bryant,74,45,1
2025-11-07,N,Purdue,Oakland,87,77,1
2025-11-07,N,Kentucky,Valparaiso,107,59,1
2025-11-07,N,North Carolina,Kansas,87,74,1
2025-11-07,N,Coastal Carolina,Virginia-Lynchburg,121,44,1
2025-11-07,N,Stephen F. Austin,Arkansas State,90,65,1
2025-11-07,N,Florida State,Alabama State,101,64,1
2025-11-07,N,George Mason,Winthrop,96,90,1
2025-11-07,N,Radford,West Virginia Wesleyan,99,61,1
2025-11-07,N,West Georgia,Huntingdon College (AL),120,83,1
2025-11-07,N,Stetson,Fort Lauderdale,106,77,1
2025-11-07,N,Furman,Troy,61,64,0
2025-11-07,N,Iona,Hofstra,81,73,1
2025-11-07,N,Davidson,Washington State,85,69,1
2025-11-07,N,Iowa,Western Illinois,77,58,1
2025-11-07,N,North Alabama,Lane College,90,84,1
2025-11-07,N,Kent State,Cornell,110,102,1
2025-11-07,N,Ball State,Mansfield,84,54,1
2025-11-07,N,Charlotte,Tennessee Tech,70,65,1
2025-11-07,N,Cincinnati,Georgia State,74,64,1
2025-11-07,N,Brown,Siena,46,62,0
2025-11-07,N,Wake Forest,Morehead State,81,65,1
2025-11-07,N,Virginia,North Carolina Central,81,62,1
2025-11-07,N,Pittsburgh,Longwood,78,60,1
2025-11-07,N,Notre Dame,Detroit Mercy,102,70,1
2025-11-07,N,Duquesne,Sacred Heart,92,80,1
2025-11-07,N,Clemson,Gardner-Webb,97,59,1
2025-11-07,N,Pennsylvania,Rowan,119,72,1
2025-11-07,N,Mount St. Mary's,Bucknell,62,73,0
2025-11-07,N,Buffalo,Green Bay,83,76,1
2025-11-07,N,Ohio State,Purdue Fort Wayne,94,68,1
2025-11-07,N,Liberty,Charleston,90,75,1
2025-11-07,N,Northwestern,Boston University,76,52,1
2025-11-07,N,Maryland,Georgetown,60,70,0
2025-11-07,N,Rhode Island,Tulsa,65,82,0
2025-11-07,N,Colgate,Northeastern,65,68,0
2025-11-07,N,Harvard,MIT,79,50,1
2025-11-07,N,Incarnate Word,Jarvis Christian,104,60,1
2025-11-07,N,UTSA,SIU Edwardsville,60,77,0
2025-11-07,N,New Haven,Columbia,53,71,0
2025-11-07,N,Evansville,Calumet,92,50,1
2025-11-07,N,Delaware,Wilmington (DE),62,71,0
2025-11-06,N,Portland,Arkansas-Pine Bluff,83,74,1
2025-11-06,N,Washington,Denver,84,70,1
2025-11-06,N,California,Wright State,77,67,1
2025-11-06,N,Loyola Chicago,Mercyhurst,65,73,0
2025-11-06,N,Florida,North Florida,104,64,1
2025-11-06,N,Iowa State,Grambling,102,62,1
2025-11-06,N,Auburn,Merrimack,95,57,1
2025-11-06,N,South Alabama,Alcorn State,76,70,1
2025-11-06,N,South Dakota State,Dakota State,68,62,1
2025-11-06,N,Eastern Kentucky,Midway University,122,60,1
2025-11-06,N,North Texas,Northwestern State,80,53,1
2025-11-06,N,Southern Miss,Tougaloo,93,57,1
2025-11-06,N,Texas A&M,Texas Southern,104,70,1
2025-11-06,N,North Dakota,UC Riverside,70,74,0
2025-11-06,N,Abilene Christian,Omaha,73,71,1
2025-11-06,N,Jacksonville,Trinity (FL),132,45,1
2025-11-06,N,Northern Iowa,Cal State Northridge,86,57,1
2025-11-06,N,SMU,Texas A&M-Corpus Christi,69,58,1
2025-11-06,N,Saint Louis,Chicago State,108,86,1
2025-11-06,N,TCU,Saint Francis,104,63,1
2025-11-06,N,Drake,Robert Morris,79,81,0
2025-11-06,N,Louisville,Jackson State,106,70,1
2025-11-06,N,Howard,District Of Columbia,103,71,1
2025-11-06,N,Old Dominion,Randolph College,93,53,1
2025-11-06,N,Lehigh,Valley Forge,91,52,1
2025-11-06,N,Western Michigan,Northwood (MI),81,85,0
2025-11-06,N,Indiana State,Illinois Tech,104,73,1
2025-11-06,N,Hampton,Mid-Atlantic Christian,103,43,1
2025-11-06,N,Cleveland State,Capital,71,70,1
2025-11-06,N,Bowling Green,Bethany (WV),120,65,1
2025-11-06,N,Lindenwood,Health Sciences & Pharmacy,116,51,1
2025-11-06,N,Charleston Southern,Toccoa Falls,106,71,1
2025-11-06,N,West Virginia,Campbell,73,65,1
2025-11-06,N,Boston College,The Citadel,76,47,1
2025-11-06,N,Canisius,Allegheny,84,43,1
2025-11-06,N,Ohio,Illinois State,72,68,1
2025-11-06,N,Quinnipiac,Central Connecticut,71,49,1
2025-11-06,N,Xavier,Le Moyne,74,69,1
2025-11-06,N,Miami,Bethune-Cookman,101,61,1
2025-11-06,N,IU Indianapolis,Long Island University,90,94,0
2025-11-06,N,New Hampshire,Curry College,113,31,1
2025-11-06,N,Morgan State,Central Penn,101,77,1
2025-11-06,N,Cal State Bakersfield,Whittier,83,61,1
2025-11-06,N,Loyola Maryland,Penn St Abington,96,60,1
2025-11-05,N,Loyola Marymount,Eastern Washington,70,62,1
2025-11-05,N,Cal Poly,Pacific Lutheran,101,79,1
2025-11-05,N,Pacific,Life Pacific,83,56,1
2025-11-05,N,New Mexico,East Texas A&M,76,54,1
2025-11-05,N,Montana,Ottawa (AZ),73,39,1
2025-11-05,N,Fresno State,South Carolina Upstate,66,67,0
2025-11-05,N,UC Davis,North Dakota State,80,68,1
2025-11-05,N,Montana State,Northwest Indian,114,44,1
2025-11-05,N,Utah Tech,Bethesda University,110,65,1
2025-11-05,N,Mississippi State,North Alabama,86,62,1
2025-11-05,N,Creighton,South Dakota,92,76,1
2025-11-05,N,Texas State,Texas A&M-San Antonio,114,55,1
2025-11-05,N,Indiana,Alabama A&M,98,51,1
2025-11-05,N,LSU,Tarleton State,96,60,1
2025-11-05,N,Marquette,Southern,100,82,1
2025-11-05,N,UTSA,College Of Biblical Studies,97,30,1
2025-11-05,N,Mississippi Valley State,Mississippi University For Women,97,61,1
2025-11-05,N,James Madison,Washington and Lee,70,56,1
2025-11-05,N,Lafayette,Dickinson (PA),79,44,1
2025-11-05,N,Norfolk State,Regent,119,55,1
2025-11-05,N,Elon,Belmont Abbey,99,51,1
2025-11-05,N,Prairie View A&M,Dallas,94,53,1
2025-11-05,N,Temple,Delaware State,83,65,1
2025-11-05,N,Vermont,Plattsburgh St,113,62,1
2025-11-05,N,Mercer,LaGrange,101,62,1
2025-11-05,N,Queens University,Lynchburg,87,76,1
2025-11-05,N,Georgia,Maryland Eastern Shore,94,29,1
2025-11-05,N,Butler,Southern Indiana,88,58,1
2025-11-05,N,Richmond,Southern Virginia,84,56,1
2025-11-05,N,App State,Carolina University,92,46,1
2025-11-05,N,La Salle,Coppin State,87,59,1
2025-11-05,N,Presbyterian,Bluefield University,105,76,1
2025-11-05,N,Binghamton,RIT,66,56,1
2025-11-05,N,Rutgers,Rider,81,53,1
2025-11-05,N,Middle Tennessee,Milligan,100,51,1
2025-11-04,N,Oregon,Hawai'i,60,59,1
2025-11-04,N,Sacramento State,Dominican (CA),103,79,1
2025-11-04,N,Nevada,Louisiana Tech,77,50,1
2025-11-04,N,Santa Clara,Humboldt State,83,53,1
2025-11-04,N,Idaho State,Park University Gilbert,81,71,1
2025-11-04,N,San Diego State,Long Beach State,77,45,1
2025-11-04,N,UNLV,UT Martin,81,86,0
2025-11-04,N,Stanford,Portland State,89,79,1
2025-11-04,N,New Mexico State,Adams State,83,72,1
2025-11-04,N,UC Santa Barbara,San Francisco State,98,67,1
2025-11-04,N,San Diego,Occidental,88,59,1
2025-11-04,N,Arizona State,Southern Utah,81,64,1
2025-11-04,N,Duke,Texas,75,60,1
2025-11-04,N,Iowa,Robert Morris,101,69,1
2025-11-04,N,Texas Tech,Lindenwood,98,60,1
2025-11-04,N,Utah Valley,West Coast Baptist,116,35,1
2025-11-04,N,Rice,College Of Biblical Studies,109,38,1
2025-11-04,N,Little Rock,Arkansas Baptist,92,63,1
2025-11-04,N,Missouri State,Missouri Southern State,88,70,1
2025-11-04,N,Valparaiso,Eastern Illinois,66,63,1
2025-11-04,N,Kansas State,UNC Greensboro,93,64,1
2025-11-04,N,Oklahoma State,Oral Roberts,95,71,1
2025-11-04,N,Wichita State,UNC Asheville,75,58,1
2025-11-04,N,Kentucky,Nicholls,77,51,1
2025-11-04,N,SIU Edwardsville,East-West University,119,50,1
2025-11-04,N,South Carolina,North Carolina A&T,91,72,1
2025-11-04,N,Florida State,Alcorn State,108,76,1
2025-11-04,N,East Tennessee State,Converse University,102,50,1
2025-11-04,N,Monmouth,Caldwell,96,68,1
2025-11-04,N,Manhattan,St. Joseph's (NY),125,59,1
2025-11-04,N,Sacred Heart,Merchant Marine Academy,103,46,1
2025-11-04,N,Fordham,NJIT,61,72,0
2025-11-04,N,East Carolina,Georgia Southern,92,89,1
2025-11-04,N,West Virginia,Mount St. Mary's,70,54,1
2025-11-04,N,Purdue,Evansville,82,51,1
2025-11-04,N,UMBC,Penn State-York,74,53,1
2025-11-03,N,Washington,Arkansas-Pine Bluff,94,50,1
2025-11-03,N,UCLA,Eastern Washington,80,74,1
2025-11-03,N,Fresno State,Fresno Pacific,88,51,1
2025-11-03,N,California Baptist,South Carolina Upstate,87,75,1
2025-11-03,N,UC Irvine,Bethesda University,125,49,1
2025-11-03,N,Saint Mary's,St. Thomas-Minnesota,84,58,1
2025-11-03,N,UC San Diego,La Verne,105,73,1
2025-11-03,N,San Francisco,UC Santa Cruz,98,53,1
2025-11-03,N,UC Riverside,La Sierra,90,49,1
2025-11-03,N,Seattle U,Denver,84,73,1
2025-11-03,N,Portland,Willamette,120,83,1
2025-11-03,N,Loyola Marymount,Lincoln University (CA),137,54,1
2025-11-03,N,Cal State Northridge,Nobel,99,58,1
2025-11-03,N,Cal State Fullerton,Caltech,136,82,1
2025-11-03,N,California,Cal State Bakersfield,87,60,1
2025-11-03,N,BYU,Villanova,71,66,1
2025-11-03,N,USC,Cal Poly,94,64,1
2025-11-03,N,Northern Colorado,Colorado College,91,57,1
2025-11-03,N,Oregon State,North Dakota State,67,65,1
2025-11-03,N,Washington State,Idaho,81,83,0
2025-11-03,N,Louisville,South Carolina State,104,45,1
2025-11-03,N,Gonzaga,Texas Southern,98,43,1
2025-11-03,N,Merrimack,South Dakota State,66,75,0
2025-11-03,N,UTEP,UT Permian Basin,98,56,1
2025-11-03,N,Montana,Northwest Indian,106,41,1
2025-11-03,N,Utah State,Westminster (UT),110,54,1
2025-11-03,N,Weber State,West Coast Baptist,130,38,1
2025-11-03,N,Pepperdine,Life Pacific,88,80,1
2025-11-03,N,Boise State,Hawai'i Pacific,78,79,0
2025-11-03,N,Colorado State,Incarnate Word,98,64,1
2025-11-03,N,Abilene Christian,McMurry,92,55,1
2025-11-03,N,Grand Canyon,Purdue Fort Wayne,90,71,1
2025-11-03,N,Loyola Maryland,Towson,56,67,0
2025-11-03,N,Utah,San José State,84,75,1
2025-11-03,N,Colorado,Montana State,84,78,1
2025-11-03,N,South Florida,Florida A&M,102,67,1
2025-11-03,N,UCF,Hofstra,82,78,1
2025-11-03,N,Michigan,Oakland,121,78,1
2025-11-03,N,Illinois,Jackson State,113,55,1
2025-11-03,N,Austin Peay,Bryan (TN),128,47,1
2025-11-03,N,North Texas,New Mexico Highlands,88,54,1
2025-11-03,N,Tulane,Samford,85,72,1
2025-11-03,N,Wyoming,Northern State,99,75,1
2025-11-03,N,Texas A&M-Corpus Christi,Trinity (TX),83,56,1
2025-11-03,N,Oklahoma,Saint Francis,102,66,1
2025-11-03,N,South Dakota,Utah Tech,79,81,0
2025-11-03,N,Houston,Lehigh,75,57,1
2025-11-03,N,Alabama,North Dakota,91,62,1
2025-11-03,N,Iowa State,Fairleigh Dickinson,88,50,1
2025-11-03,N,Kansas,Green Bay,94,51,1
2025-11-03,N,Auburn,Bethune-Cookman,95,90,1
2025-11-03,N,Wisconsin,Campbell,96,64,1
2025-11-03,N,Kansas City,Evangel,80,74,1
2025-11-03,N,Texas A&M,Northwestern State,98,68,1
2025-11-03,N,Tennessee State,Fisk,101,50,1
2025-11-03,N,Southern Illinois,McKendree,83,42,1
2025-11-03,N,Houston Christian,Southern Arkansas,74,70,1
2025-11-03,N,Tulsa,Oklahoma Christian,100,57,1
2025-11-03,N,Alabama A&M,Blue Mountain,80,60,1
2025-11-03,N,Minnesota,Gardner-Webb,87,60,1
2025-11-03,N,Army,SUNY-Maritime,73,49,1
2025-11-03,N,UC Davis,Menlo,96,69,1
2025-11-03,N,Nebraska,West Georgia,86,53,1
2025-11-03,N,Vanderbilt,Lipscomb,105,61,1
2025-11-03,N,UT Arlington,UNT Dallas,91,40,1
2025-11-03,N,Northern Illinois,UL Monroe,102,82,1
2025-11-03,N,UIC,Detroit Mercy,91,71,1
2025-11-03,N,Marquette,UAlbany,80,53,1
2025-11-03,N,DePaul,Chicago State,92,62,1
2025-11-03,N,Milwaukee,Hampton,90,86,1
2025-11-03,N,Charlotte,Indiana State,92,76,1
2025-11-03,N,Northwestern,Mercyhurst,70,47,1
2025-11-03,N,Baylor,UT Rio Grande Valley,96,81,1
2025-11-03,N,Wake Forest,American University,88,74,1
2025-11-03,N,SMU,Tarleton State,96,76,1
2025-11-03,N,Saint Louis,Southeast Missouri State,92,67,1
2025-11-03,N,Loyola Chicago,Cleveland State,91,88,1
2025-11-03,N,George Washington,Maine,67,47,1
2025-11-03,N,Miami,Jacksonville,86,69,1
2025-11-03,N,Ole Miss,SE Louisiana,88,58,1
2025-11-03,N,TCU,New Orleans,74,78,0
2025-11-03,N,McNeese,Champion Christian,127,65,1
2025-11-03,N,Grambling,Huston-Tillotson,91,47,1
2025-11-03,N,Seton Hall,Saint Peter's,77,50,1
2025-11-03,N,UAB,Mississippi Valley State,106,55,1
2025-11-03,N,Northeastern,Boston University,75,76,0
2025-11-03,N,Western Kentucky,Tennessee Tech,82,70,1
2025-11-03,N,Sam Houston,LeTourneau,95,59,1
2025-11-03,N,Georgia,Bellarmine,104,59,1
2025-11-03,N,Georgia Tech,Maryland Eastern Shore,56,52,1
2025-11-03,N,Presbyterian,Navy,55,76,0
2025-11-03,N,Belmont,Air Force,79,63,1
2025-11-03,N,Xavier,Marist,66,62,1
2025-11-03,N,Providence,Holy Cross,89,79,1
2025-11-03,N,Arizona,Florida,93,87,1
2025-11-03,N,UConn,New Haven,79,55,1
2025-11-03,N,Arkansas,Southern,109,77,1
2025-11-03,N,Tennessee,Mercer,76,61,1
2025-11-03,N,Michigan State,Colgate,80,69,1
2025-11-03,N,North Carolina,Central Arkansas,94,54,1
2025-11-03,N,Miami (OH),Old Dominion,87,72,1
2025-11-03,N,The Citadel,Erskine,105,61,1
2025-11-03,N,Chattanooga,Union (KY),92,39,1
2025-11-03,N,Howard,Missouri,67,88,0
2025-11-03,N,Western Michigan,Coastal Carolina,76,71,1
2025-11-03,N,Ohio,Arkansas State,85,89,0
2025-11-03,N,Florida International,Florida National,101,49,1
2025-11-03,N,Norfolk State,Washington Adventist,98,76,1
2025-11-03,N,Davidson,DeSales,97,63,1
2025-11-03,N,Morehead State,Midway University,89,84,1
2025-11-03,N,Liberty,Kentucky Christian,98,57,1
2025-11-03,N,Kennesaw State,Paine,105,29,1
2025-11-03,N,Jacksonville State,Oakwood,117,63,1
2025-11-03,N,William & Mary,Georgian Court,110,63,1
2025-11-03,N,Charleston,Tusculum,79,58,1
2025-11-03,N,Massachusetts,Marshall,72,78,0
2025-11-03,N,Longwood,Mary Baldwin,92,55,1
2025-11-03,N,Le Moyne,SUNY Cobleskill,94,50,1
2025-11-03,N,Vermont,Western New England,75,68,1
2025-11-03,N,UMass Lowell,Rivier,107,55,1
2025-11-03,N,George Mason,Wofford,70,46,1
2025-11-03,N,Radford,Western Illinois,80,75,1
2025-11-03,N,UNC Wilmington,Mount Olive,106,77,1
2025-11-03,N,Toledo,South Alabama,74,76,0
2025-11-03,N,Central Michigan,App State,82,66,1
2025-11-03,N,Bowling Green,Texas State,83,48,1
2025-11-03,N,Wright State,Franklin,86,37,1
2025-11-03,N,Northern Kentucky,Cincinnati Clermont,126,69,1
2025-11-03,N,Florida Gulf Coast,New College (FL),96,60,1
2025-11-03,N,Penn State,Fairfield,76,68,1
2025-11-03,N,Kent State,Troy,97,103,0
2025-11-03,N,VCU,Wagner,103,74,1
2025-11-03,N,Saint Joseph's,Lafayette,85,76,1
2025-11-03,N,Ball State,Louisiana,75,64,1
2025-11-03,N,Siena,Bryant,82,66,1
2025-11-03,N,Akron,James Madison,85,71,1
2025-11-03,N,Cincinnati,Western Carolina,94,63,1
2025-11-03,N,Virginia Tech,Charleston Southern,98,67,1
2025-11-03,N,Syracuse,Binghamton,85,47,1
2025-11-03,N,Pittsburgh,Youngstown State,74,59,1
2025-11-03,N,NC State,North Carolina Central,114,66,1
2025-11-03,N,Florida Atlantic,Boston College,83,78,1
2025-11-03,N,Rhode Island,Stetson,93,62,1
2025-11-03,N,Duquesne,Niagara,83,63,1
2025-11-03,N,Dayton,Canisius,88,48,1
2025-11-03,N,Clemson,New Hampshire,88,38,1
2025-11-03,N,Central Connecticut,Vermont State - Johnson,117,55,1
2025-11-03,N,Virginia,Rider,87,53,1
2025-11-03,N,Notre Dame,Long Island University,89,67,1
2025-11-03,N,Bucknell,Delaware,78,70,1
2025-11-03,N,St. John's,Quinnipiac,108,74,1
2025-11-03,N,Eastern Michigan,Georgia State,71,49,1
2025-11-03,N,Stony Brook,Farmingdale State,66,59,1
2025-11-03,N,High Point,Furman,97,71,1
2025-11-03,N,Buffalo,Southern Miss,85,79,1
2025-11-03,N,Ohio State,IU Indianapolis,118,102,1
2025-11-03,N,Maryland,Coppin State,83,61,1
2025-11-03,N,Georgetown,Morgan State,87,70,1
2025-11-03,N,Drexel,Widener,93,59,1
2025-11-03,N,VMI,Johnson & Wales (NC),122,58,1
2025-11-03,N,Stonehill,Thomas (ME),100,48,1
2025-11-03,N,Drake,Northern Arizona,77,71,1
2025-11-03,N,Stephen F. Austin,Millsaps,103,76,1
2025-11-03,N,Murray State,Omaha,85,77,1
2025-11-03,N,Prairie View A&M,College Of Biblical Studies,95,48,1
2025-11-03,N,Lamar,Texas A&M-San Antonio,93,53,1
2025-11-03,N,East Texas A&M,Arlington Baptist,119,60,1
2025-11-03,N,St. Bonaventure,Bradley,69,63,1
2025-11-03,N,Winthrop,Queens University,81,74,1
